label,human_gene,mouse_gene,primary_enriched_celltype,direction,celltype,mean_log1p_norm_expr,pct_expr,expr_z_by_gene
ARAP3 / Arap3,ARAP3,Arap3,Endothelial,up_in_suicide,Endothelial,0.25034740567207336,15.584028605482994,2.5
ARAP3 / Arap3,ARAP3,Arap3,Endothelial,up_in_suicide,Pericytes,0.013475628569722176,0.674698795180723,-0.3321858021547814
ARAP3 / Arap3,ARAP3,Arap3,Endothelial,up_in_suicide,Fibroblasts,0.011467533186078072,0.6297229219143576,-0.3592422324096823
ARAP3 / Arap3,ARAP3,Arap3,Endothelial,up_in_suicide,Astrocytes,0.0027527438942342997,0.16455101081335213,-0.4766624957006802
ARAP3 / Arap3,ARAP3,Arap3,Endothelial,up_in_suicide,Microglia,0.0623268187046051,3.7584162395739193,0.32601939542641845
ARAP3 / Arap3,ARAP3,Arap3,Endothelial,up_in_suicide,Macrophages,0.06445132941007614,3.57142857142857,0.35464436822230977
ARAP3 / Arap3,ARAP3,Arap3,Endothelial,up_in_suicide,Polydendrocytes,0.003020226489752531,0.11507479861910241,-0.47305852138303317
ARAP3 / Arap3,ARAP3,Arap3,Endothelial,up_in_suicide,Oligodendrocytes,0.0021611417178064585,0.12777103430652267,-0.4846335528305064
ARAP3 / Arap3,ARAP3,Arap3,Endothelial,up_in_suicide,Diff. Oligodendrocytes,0.0035996357910335064,0.1388888888888889,-0.4652517471247801
ARAP3 / Arap3,ARAP3,Arap3,Endothelial,up_in_suicide,LHb,0.0024925267789512873,0.14833924540470822,-0.480168577278344
ARAP3 / Arap3,ARAP3,Arap3,Endothelial,up_in_suicide,MHb,0.003335617482662201,0.15323168127810283,-0.46880904475349233
PAQR5 / Paqr5,PAQR5,Paqr5,Endothelial,up_in_suicide,Endothelial,0.472532719373703,26.0578069129929,2.5
PAQR5 / Paqr5,PAQR5,Paqr5,Endothelial,up_in_suicide,Pericytes,0.009971216320991516,0.48192771084337344,-0.3064913793003165
PAQR5 / Paqr5,PAQR5,Paqr5,Endothelial,up_in_suicide,Fibroblasts,0.008172689937055111,0.5037783375314862,-0.31940118541333357
PAQR5 / Paqr5,PAQR5,Paqr5,Endothelial,up_in_suicide,Astrocytes,0.016311557963490486,0.9637987776210617,-0.26098046435015576
PAQR5 / Paqr5,PAQR5,Paqr5,Endothelial,up_in_suicide,Microglia,0.00968299899250269,0.41201889257361035,-0.3085602006767696
PAQR5 / Paqr5,PAQR5,Paqr5,Endothelial,up_in_suicide,Macrophages,0.018523037433624268,1.1520737327188941,-0.245106484720311
PAQR5 / Paqr5,PAQR5,Paqr5,Endothelial,up_in_suicide,Polydendrocytes,0.0034525124356150627,0.17261219792865362,-0.3532825768162473
PAQR5 / Paqr5,PAQR5,Paqr5,Endothelial,up_in_suicide,Oligodendrocytes,0.009490353986620903,0.5238612406567433,-0.3099430047861714
PAQR5 / Paqr5,PAQR5,Paqr5,Endothelial,up_in_suicide,Diff. Oligodendrocytes,0.009309623390436172,0.34722222222222227,-0.31124028737055487
PAQR5 / Paqr5,PAQR5,Paqr5,Endothelial,up_in_suicide,LHb,0.008123946376144886,0.39342147694292123,-0.31975106625257477
PAQR5 / Paqr5,PAQR5,Paqr5,Endothelial,up_in_suicide,MHb,0.013799184933304787,0.753598432515263,-0.27901425523193435
FAM43A / Fam43a,FAM43A,Fam43a,Endothelial,up_in_suicide,Endothelial,0.11424405127763748,7.6430274135876,1.7384959623292322
FAM43A / Fam43a,FAM43A,Fam43a,Endothelial,up_in_suicide,Pericytes,0.015599972568452358,0.8192771084337351,-0.532139938666893
FAM43A / Fam43a,FAM43A,Fam43a,Endothelial,up_in_suicide,Fibroblasts,0.10745999962091446,6.171284634760701,1.5823374635370162
FAM43A / Fam43a,FAM43A,Fam43a,Endothelial,up_in_suicide,Astrocytes,0.029841631650924683,2.021626704278324,-0.2043187169010688
FAM43A / Fam43a,FAM43A,Fam43a,Endothelial,up_in_suicide,Microglia,0.015456379391252995,0.9948748869460365,-0.5354452341043232
FAM43A / Fam43a,FAM43A,Fam43a,Endothelial,up_in_suicide,Macrophages,0.09386900067329407,5.760368663594472,1.2694934434529814
FAM43A / Fam43a,FAM43A,Fam43a,Endothelial,up_in_suicide,Polydendrocytes,0.01728934794664383,0.6904487917146144,-0.4932530999009359
FAM43A / Fam43a,FAM43A,Fam43a,Endothelial,up_in_suicide,Oligodendrocytes,0.011676850728690624,0.9455056538682683,-0.6224442063929547
FAM43A / Fam43a,FAM43A,Fam43a,Endothelial,up_in_suicide,Diff. Oligodendrocytes,0.008272240869700909,0.34722222222222227,-0.7008131209377217
FAM43A / Fam43a,FAM43A,Fam43a,Endothelial,up_in_suicide,LHb,0.00699502183124423,0.4192196065785226,-0.7302127508
FAM43A / Fam43a,FAM43A,Fam43a,Endothelial,up_in_suicide,MHb,0.0051926844753324986,0.28887939913085003,-0.7716998016153324
ICAM2 / Icam2,ICAM2,Icam2,Endothelial,up_in_suicide,Endothelial,0.4651281535625458,26.206793802146667,2.5
ICAM2 / Icam2,ICAM2,Icam2,Endothelial,up_in_suicide,Pericytes,0.014519025571644306,0.6265060240963856,-0.2483375173061406
ICAM2 / Icam2,ICAM2,Icam2,Endothelial,up_in_suicide,Fibroblasts,0.0025252976920455694,0.12594458438287154,-0.3351125291677393
ICAM2 / Icam2,ICAM2,Icam2,Endothelial,up_in_suicide,Astrocytes,0.0033669481053948402,0.16455101081335213,-0.3290231610134115
ICAM2 / Icam2,ICAM2,Icam2,Endothelial,up_in_suicide,Microglia,0.006065668538212776,0.26128027333936277,-0.30949783078082743
ICAM2 / Icam2,ICAM2,Icam2,Endothelial,up_in_suicide,Macrophages,0.023607321083545685,1.4976958525345623,-0.18258340325887898
ICAM2 / Icam2,ICAM2,Icam2,Endothelial,up_in_suicide,Polydendrocytes,0.003013668116182089,0.11507479861910241,-0.3315791532421953
ICAM2 / Icam2,ICAM2,Icam2,Endothelial,up_in_suicide,Oligodendrocytes,0.005843946244567633,0.2747077237590236,-0.31110199879715916
ICAM2 / Icam2,ICAM2,Icam2,Endothelial,up_in_suicide,Diff. Oligodendrocytes,0.005273495800793171,0.20833333333333334,-0.3152292263382462
ICAM2 / Icam2,ICAM2,Icam2,Endothelial,up_in_suicide,LHb,0.0016496238531544805,0.08384392131570463,-0.34144805791405336
ICAM2 / Icam2,ICAM2,Icam2,Endothelial,up_in_suicide,MHb,0.006283567752689123,0.28636740435579916,-0.30792132286680507
CDH5 / Cdh5,CDH5,Cdh5,Endothelial,up_in_suicide,Endothelial,0.7489966154098511,36.948748510133356,2.5
CDH5 / Cdh5,CDH5,Cdh5,Endothelial,up_in_suicide,Pericytes,0.02485485188663006,1.060240963855422,-0.29764907831308207
CDH5 / Cdh5,CDH5,Cdh5,Endothelial,up_in_suicide,Fibroblasts,0.11903893202543259,6.675062972292187,0.1289166535230456
CDH5 / Cdh5,CDH5,Cdh5,Endothelial,up_in_suicide,Astrocytes,0.007621012628078461,0.35260930888575465,-0.3757022402151389
CDH5 / Cdh5,CDH5,Cdh5,Endothelial,up_in_suicide,Microglia,0.012515597976744175,0.5326097879610089,-0.3535343496522007
CDH5 / Cdh5,CDH5,Cdh5,Endothelial,up_in_suicide,Macrophages,0.03534872829914093,1.7281105990783407,-0.2501216398637852
CDH5 / Cdh5,CDH5,Cdh5,Endothelial,up_in_suicide,Polydendrocytes,0.008931824006140232,0.3452243958573073,-0.36976549152090094
CDH5 / Cdh5,CDH5,Cdh5,Endothelial,up_in_suicide,Oligodendrocytes,0.008417320437729359,0.42803296492685083,-0.37209571113835693
CDH5 / Cdh5,CDH5,Cdh5,Endothelial,up_in_suicide,Diff. Oligodendrocytes,0.015048258006572723,0.625,-0.34206377014955247
CDH5 / Cdh5,CDH5,Cdh5,Endothelial,up_in_suicide,LHb,0.00623639952391386,0.26443082876491447,-0.38197324165420843
CDH5 / Cdh5,CDH5,Cdh5,Endothelial,up_in_suicide,MHb,0.00931137427687645,0.4345750960838011,-0.36804648403294127
FLT1 / Flt1,FLT1,Flt1,Endothelial,up_in_suicide,Endothelial,2.7395851612091064,81.39153754470242,2.5
FLT1 / Flt1,FLT1,Flt1,Endothelial,up_in_suicide,Pericytes,0.18546921014785767,8.433734939759034,-0.18607020693865203
FLT1 / Flt1,FLT1,Flt1,Endothelial,up_in_suicide,Fibroblasts,0.10323194414377213,4.534005037783373,-0.2889449516168576
FLT1 / Flt1,FLT1,Flt1,Endothelial,up_in_suicide,Astrocytes,0.035765573382377625,1.5279736718382682,-0.37334203828677204
FLT1 / Flt1,FLT1,Flt1,Endothelial,up_in_suicide,Microglia,0.06061333790421486,2.4218671490302524,-0.34225871614810577
FLT1 / Flt1,FLT1,Flt1,Endothelial,up_in_suicide,Macrophages,0.18703757226467133,7.37327188940092,-0.18410826364736899
FLT1 / Flt1,FLT1,Flt1,Endothelial,up_in_suicide,Polydendrocytes,0.06722425669431686,2.589182968929806,-0.333988784331716
FLT1 / Flt1,FLT1,Flt1,Endothelial,up_in_suicide,Oligodendrocytes,0.07115673273801804,3.341212547115561,-0.32906945166653695
FLT1 / Flt1,FLT1,Flt1,Endothelial,up_in_suicide,Diff. Oligodendrocytes,0.09831741452217102,3.8194444444444433,-0.295092784644412
FLT1 / Flt1,FLT1,Flt1,Endothelial,up_in_suicide,LHb,0.0394325777888298,1.722025153176391,-0.3687547974849088
FLT1 / Flt1,FLT1,Flt1,Endothelial,up_in_suicide,MHb,0.08850127458572388,3.8433520058276898,-0.307372289286959
TMEM88 / Tmem88,TMEM88,Tmem88,Endothelial,up_in_suicide,Endothelial,0.09635581821203232,6.585220500595944,2.5
TMEM88 / Tmem88,TMEM88,Tmem88,Endothelial,up_in_suicide,Pericytes,0.0064902822487056255,0.4337349397590361,-0.37853875200706844
TMEM88 / Tmem88,TMEM88,Tmem88,Endothelial,up_in_suicide,Fibroblasts,0.0028909528627991676,0.12594458438287154,-0.5009894035882213
TMEM88 / Tmem88,TMEM88,Tmem88,Endothelial,up_in_suicide,Astrocytes,0.0027178749442100525,0.18805829807240246,-0.506877584866804
TMEM88 / Tmem88,TMEM88,Tmem88,Endothelial,up_in_suicide,Microglia,0.0403912216424942,2.874083006732997,0.7747850127578352
TMEM88 / Tmem88,TMEM88,Tmem88,Endothelial,up_in_suicide,Macrophages,0.03235762193799019,2.880184331797233,0.5014786790250771
TMEM88 / Tmem88,TMEM88,Tmem88,Endothelial,up_in_suicide,Polydendrocytes,0.003166318405419588,0.11507479861910241,-0.49162135568215937
TMEM88 / Tmem88,TMEM88,Tmem88,Endothelial,up_in_suicide,Oligodendrocytes,0.003075469983741641,0.3002619306203281,-0.4947120559868169
TMEM88 / Tmem88,TMEM88,Tmem88,Endothelial,up_in_suicide,Diff. Oligodendrocytes,0.0015684212557971478,0.06944444444444445,-0.5459824674762273
TMEM88 / Tmem88,TMEM88,Tmem88,Endothelial,up_in_suicide,LHb,0.0024528992362320423,0.14188971299580788,-0.5158921663669389
TMEM88 / Tmem88,TMEM88,Tmem88,Endothelial,up_in_suicide,MHb,0.0023211806546896696,0.15574367605315367,-0.520373286155076
SEMA3G / Sema3g,SEMA3G,Sema3g,Endothelial,up_in_suicide,Endothelial,0.11561816185712814,6.7938021454112,2.5
SEMA3G / Sema3g,SEMA3G,Sema3g,Endothelial,up_in_suicide,Pericytes,0.0004771515086758882,0.048192771084337345,-0.34487625563020724
SEMA3G / Sema3g,SEMA3G,Sema3g,Endothelial,up_in_suicide,Fibroblasts,0.0030502176377922297,0.12594458438287154,-0.2698201976599766
SEMA3G / Sema3g,SEMA3G,Sema3g,Endothelial,up_in_suicide,Astrocytes,0.0011840426595881581,0.04701457451810061,-0.3242563179608496
SEMA3G / Sema3g,SEMA3G,Sema3g,Endothelial,up_in_suicide,Microglia,0.0008085344452410936,0.030147723846849564,-0.33520985156241706
SEMA3G / Sema3g,SEMA3G,Sema3g,Endothelial,up_in_suicide,Macrophages,0.002511108061298728,0.1152073732718894,-0.2855459651277171
SEMA3G / Sema3g,SEMA3G,Sema3g,Endothelial,up_in_suicide,Polydendrocytes,0.0015015318058431149,0.05753739930955121,-0.3149951942390062
SEMA3G / Sema3g,SEMA3G,Sema3g,Endothelial,up_in_suicide,Oligodendrocytes,0.00112375826574862,0.06388551715326135,-0.32601480714521985
SEMA3G / Sema3g,SEMA3G,Sema3g,Endothelial,up_in_suicide,Diff. Oligodendrocytes,0.0035373708233237267,0.1388888888888889,-0.2556099924422073
SEMA3G / Sema3g,SEMA3G,Sema3g,Endothelial,up_in_suicide,LHb,0.003051360137760639,0.13544018058690752,-0.2697868710606756
SEMA3G / Sema3g,SEMA3G,Sema3g,Endothelial,up_in_suicide,MHb,0.0024386695586144924,0.12057574920244164,-0.28765898833968245
LEFTY1 / Lefty1,LEFTY1,Lefty1,Oligodendrocytes,up_in_suicide,Endothelial,0.001971876947209239,0.10429082240762813,-0.8542834259309495
LEFTY1 / Lefty1,LEFTY1,Lefty1,Oligodendrocytes,up_in_suicide,Pericytes,0.014672817662358284,1.0120481927710847,-0.1685229231449501
LEFTY1 / Lefty1,LEFTY1,Lefty1,Oligodendrocytes,up_in_suicide,Fibroblasts,0.045179206877946854,2.3929471032745595,1.4786052129398828
LEFTY1 / Lefty1,LEFTY1,Lefty1,Oligodendrocytes,up_in_suicide,Astrocytes,0.0017078040400519967,0.18805829807240246,-0.8685414855224186
LEFTY1 / Lefty1,LEFTY1,Lefty1,Oligodendrocytes,up_in_suicide,Microglia,0.0445481576025486,2.401768666465686,1.444533038438376
LEFTY1 / Lefty1,LEFTY1,Lefty1,Oligodendrocytes,up_in_suicide,Macrophages,0.015530414879322052,0.6912442396313364,-0.12221877041463432
LEFTY1 / Lefty1,LEFTY1,Lefty1,Oligodendrocytes,up_in_suicide,Polydendrocytes,0.0016586618730798364,0.05753739930955121,-0.8711948131685061
LEFTY1 / Lefty1,LEFTY1,Lefty1,Oligodendrocytes,up_in_suicide,Oligodendrocytes,0.043045926839113235,4.139781511531364,1.3634232571443579
LEFTY1 / Lefty1,LEFTY1,Lefty1,Oligodendrocytes,up_in_suicide,Diff. Oligodendrocytes,0.02369599975645542,0.9027777777777777,0.3186647606930866
LEFTY1 / Lefty1,LEFTY1,Lefty1,Oligodendrocytes,up_in_suicide,LHb,0.001991854514926672,0.090293453724605,-0.853204779302357
LEFTY1 / Lefty1,LEFTY1,Lefty1,Oligodendrocytes,up_in_suicide,MHb,0.0017315370496362448,0.08038383280162782,-0.8672600717318868
NUDT1 / Nudt1,NUDT1,Nudt1,Oligodendrocytes,up_in_suicide,Endothelial,0.01834438554942608,1.2663885578069123,-0.7354029804686342
NUDT1 / Nudt1,NUDT1,Nudt1,Oligodendrocytes,up_in_suicide,Pericytes,0.020790807902812958,1.204819277108434,-0.40335263407003535
NUDT1 / Nudt1,NUDT1,Nudt1,Oligodendrocytes,up_in_suicide,Fibroblasts,0.021797560155391693,1.511335012594458,-0.26670720416561305
NUDT1 / Nudt1,NUDT1,Nudt1,Oligodendrocytes,up_in_suicide,Astrocytes,0.030583923682570457,1.951104842501173,0.9258567244400314
NUDT1 / Nudt1,NUDT1,Nudt1,Oligodendrocytes,up_in_suicide,Microglia,0.019798757508397102,0.9647271630991869,-0.5380025961481729
NUDT1 / Nudt1,NUDT1,Nudt1,Oligodendrocytes,up_in_suicide,Macrophages,0.023370694369077682,1.6129032258064515,-0.05318734327047609
NUDT1 / Nudt1,NUDT1,Nudt1,Oligodendrocytes,up_in_suicide,Polydendrocytes,0.03849517181515694,1.495972382048332,1.999642156147613
NUDT1 / Nudt1,NUDT1,Nudt1,Oligodendrocytes,up_in_suicide,Oligodendrocytes,0.03262903913855553,3.072893375071854,1.2034381055310093
NUDT1 / Nudt1,NUDT1,Nudt1,Oligodendrocytes,up_in_suicide,Diff. Oligodendrocytes,0.0174921452999115,0.6944444444444445,-0.8510766578589554
NUDT1 / Nudt1,NUDT1,Nudt1,Oligodendrocytes,up_in_suicide,LHb,0.013618837110698223,0.7997420187036426,-1.3767967258415943
NUDT1 / Nudt1,NUDT1,Nudt1,Oligodendrocytes,up_in_suicide,MHb,0.024466823786497116,1.7784923007360076,0.0955891557048252
DNAJB1 / Dnajb1,DNAJB1,Dnajb1,Oligodendrocytes,down_in_suicide,Endothelial,0.42263364791870117,22.571513706794725,0.7426658234462838
DNAJB1 / Dnajb1,DNAJB1,Dnajb1,Oligodendrocytes,down_in_suicide,Pericytes,0.48878347873687744,21.301204819277206,1.1245850708745948
DNAJB1 / Dnajb1,DNAJB1,Dnajb1,Oligodendrocytes,down_in_suicide,Fibroblasts,0.15709498524665833,8.186397984886643,-0.790434487718241
DNAJB1 / Dnajb1,DNAJB1,Dnajb1,Oligodendrocytes,down_in_suicide,Astrocytes,0.09697910398244858,5.406676069581563,-1.1375164355772525
DNAJB1 / Dnajb1,DNAJB1,Dnajb1,Oligodendrocytes,down_in_suicide,Microglia,0.2742895781993866,12.662044015676424,-0.11380583743188796
DNAJB1 / Dnajb1,DNAJB1,Dnajb1,Oligodendrocytes,down_in_suicide,Macrophages,0.43557336926460266,21.0829493087557,0.8173739304396707
DNAJB1 / Dnajb1,DNAJB1,Dnajb1,Oligodendrocytes,down_in_suicide,Polydendrocytes,0.14222422242164612,5.408515535097817,-0.8762915560820954
DNAJB1 / Dnajb1,DNAJB1,Dnajb1,Oligodendrocytes,down_in_suicide,Oligodendrocytes,0.5957032442092896,31.061138439912906,1.7418915077825907
DNAJB1 / Dnajb1,DNAJB1,Dnajb1,Oligodendrocytes,down_in_suicide,Diff. Oligodendrocytes,0.3410097658634186,12.36111111111108,0.27140639283009854
DNAJB1 / Dnajb1,DNAJB1,Dnajb1,Oligodendrocytes,down_in_suicide,LHb,0.0966876819729805,4.875846501128656,-1.1391989746429383
DNAJB1 / Dnajb1,DNAJB1,Dnajb1,Oligodendrocytes,down_in_suicide,MHb,0.1830338090658188,9.95252329875101,-0.6406754339208237
ITGAD / Itgad,ITGAD,Itgad,Oligodendrocytes,up_in_suicide,Endothelial,0.002675049938261509,0.134088200238379,-0.48920188965923256
ITGAD / Itgad,ITGAD,Itgad,Oligodendrocytes,up_in_suicide,Pericytes,0.002234270330518484,0.09638554216867469,-0.5138467514935637
ITGAD / Itgad,ITGAD,Itgad,Oligodendrocytes,up_in_suicide,Fibroblasts,0.004842722322791815,0.2518891687657431,-0.36800302864025874
ITGAD / Itgad,ITGAD,Itgad,Oligodendrocytes,up_in_suicide,Astrocytes,0.00036698670010082424,0.023507287259050304,-0.6182502816677199
ITGAD / Itgad,ITGAD,Itgad,Oligodendrocytes,up_in_suicide,Microglia,0.0029757823795080185,0.18088634308109738,-0.4723873425853074
ITGAD / Itgad,ITGAD,Itgad,Oligodendrocytes,up_in_suicide,Macrophages,0.0032258385326713324,0.2304147465437788,-0.45840620725763354
ITGAD / Itgad,ITGAD,Itgad,Oligodendrocytes,up_in_suicide,Polydendrocytes,0.012241538614034653,0.46029919447640966,0.045679460368136346
ITGAD / Itgad,ITGAD,Itgad,Oligodendrocytes,up_in_suicide,Oligodendrocytes,0.05256859213113785,4.938350475947169,2.30044498185775
ITGAD / Itgad,ITGAD,Itgad,Oligodendrocytes,up_in_suicide,Diff. Oligodendrocytes,0.04073065146803856,1.5972222222222214,1.6385622474478116
ITGAD / Itgad,ITGAD,Itgad,Oligodendrocytes,up_in_suicide,LHb,0.0019095130264759064,0.10319251854240571,-0.5320045762822398
ITGAD / Itgad,ITGAD,Itgad,Oligodendrocytes,up_in_suicide,MHb,0.0018991031683981419,0.0904318119018313,-0.5325866120877417
CENPO / Cenpo,CENPO,Cenpo,Oligodendrocytes,down_in_suicide,Endothelial,0.010754001326858997,0.7449344457687719,-0.4509115304614011
CENPO / Cenpo,CENPO,Cenpo,Oligodendrocytes,down_in_suicide,Pericytes,0.008196333423256874,0.48192771084337344,-0.8254682429666785
CENPO / Cenpo,CENPO,Cenpo,Oligodendrocytes,down_in_suicide,Fibroblasts,0.021389152854681015,1.1335012594458436,1.106549228085996
CENPO / Cenpo,CENPO,Cenpo,Oligodendrocytes,down_in_suicide,Astrocytes,0.019935091957449913,1.1283497884344136,0.8936098278290973
CENPO / Cenpo,CENPO,Cenpo,Oligodendrocytes,down_in_suicide,Microglia,0.014858447015285492,0.8843332328409212,0.15016247197196628
CENPO / Cenpo,CENPO,Cenpo,Oligodendrocytes,down_in_suicide,Macrophages,0.020151283591985703,1.0368663594470047,0.9252699302954199
CENPO / Cenpo,CENPO,Cenpo,Oligodendrocytes,down_in_suicide,Polydendrocytes,0.0028937950264662504,0.11507479861910241,-1.601996480677974
CENPO / Cenpo,CENPO,Cenpo,Oligodendrocytes,down_in_suicide,Oligodendrocytes,0.023966820910573006,2.178496134926202,1.4840348553580216
CENPO / Cenpo,CENPO,Cenpo,Oligodendrocytes,down_in_suicide,Diff. Oligodendrocytes,0.006894759368151426,0.2777777777777778,-1.016076765080071
CENPO / Cenpo,CENPO,Cenpo,Oligodendrocytes,down_in_suicide,LHb,0.009450513869524002,0.5869074492099313,-0.6418002600433981
CENPO / Cenpo,CENPO,Cenpo,Oligodendrocytes,down_in_suicide,MHb,0.013673456385731697,0.9445100354191299,-0.023373034310976957
GOLPH3L / Golph3l,GOLPH3L,Golph3l,Oligodendrocytes,down_in_suicide,Endothelial,0.06976312398910522,4.514302741358757,0.8492051462929123
GOLPH3L / Golph3l,GOLPH3L,Golph3l,Oligodendrocytes,down_in_suicide,Pericytes,0.07017558813095093,3.7590361445783107,0.876856099260727
GOLPH3L / Golph3l,GOLPH3L,Golph3l,Oligodendrocytes,down_in_suicide,Fibroblasts,0.05699131265282631,3.400503778337532,-0.006997172272175318
GOLPH3L / Golph3l,GOLPH3L,Golph3l,Oligodendrocytes,down_in_suicide,Astrocytes,0.06434573978185654,4.160789844851898,0.4860321556593369
GOLPH3L / Golph3l,GOLPH3L,Golph3l,Oligodendrocytes,down_in_suicide,Microglia,0.0331931933760643,1.8189126720932598,-1.6023859832839042
GOLPH3L / Golph3l,GOLPH3L,Golph3l,Oligodendrocytes,down_in_suicide,Macrophages,0.07035087794065475,4.493087557603687,0.8886072547967417
GOLPH3L / Golph3l,GOLPH3L,Golph3l,Oligodendrocytes,down_in_suicide,Polydendrocytes,0.04289798066020012,1.7261219792865368,-0.9517921751640466
GOLPH3L / Golph3l,GOLPH3L,Golph3l,Oligodendrocytes,down_in_suicide,Oligodendrocytes,0.07805591076612473,6.7335335079538945,1.4051406419638561
GOLPH3L / Golph3l,GOLPH3L,Golph3l,Oligodendrocytes,down_in_suicide,Diff. Oligodendrocytes,0.05291416496038437,2.083333333333333,-0.28032279660904047
GOLPH3L / Golph3l,GOLPH3L,Golph3l,Oligodendrocytes,down_in_suicide,LHb,0.03670145571231842,2.102547565301511,-1.3671975462371584
GOLPH3L / Golph3l,GOLPH3L,Golph3l,Oligodendrocytes,down_in_suicide,MHb,0.05266322195529938,3.727800246175357,-0.2971456244072515
PNO1 / Pno1,PNO1,Pno1,Oligodendrocytes,down_in_suicide,Endothelial,0.05126291885972023,3.2777115613825965,0.028845861280960707
PNO1 / Pno1,PNO1,Pno1,Oligodendrocytes,down_in_suicide,Pericytes,0.04552147164940834,2.5060240963855436,-0.18282889693406512
PNO1 / Pno1,PNO1,Pno1,Oligodendrocytes,down_in_suicide,Fibroblasts,0.017513718456029892,0.8816120906801006,-1.2154142657774107
PNO1 / Pno1,PNO1,Pno1,Oligodendrocytes,down_in_suicide,Astrocytes,0.0431184284389019,3.0324400564174856,-0.2714239099911612
PNO1 / Pno1,PNO1,Pno1,Oligodendrocytes,down_in_suicide,Microglia,0.04222989082336426,2.1505376344086056,-0.3041823728045238
PNO1 / Pno1,PNO1,Pno1,Oligodendrocytes,down_in_suicide,Macrophages,0.03310788422822952,2.304147465437787,-0.6404910541754921
PNO1 / Pno1,PNO1,Pno1,Oligodendrocytes,down_in_suicide,Polydendrocytes,0.052803609520196915,2.1288837744533957,0.08564779833523081
PNO1 / Pno1,PNO1,Pno1,Oligodendrocytes,down_in_suicide,Oligodendrocytes,0.11472067981958389,10.53472177857312,2.36839645122993
PNO1 / Pno1,PNO1,Pno1,Oligodendrocytes,down_in_suicide,Diff. Oligodendrocytes,0.08339480310678482,3.1250000000000013,1.2134790347384798
PNO1 / Pno1,PNO1,Pno1,Oligodendrocytes,down_in_suicide,LHb,0.026458729058504105,1.4640438568203775,-0.8856310443783038
PNO1 / Pno1,PNO1,Pno1,Oligodendrocytes,down_in_suicide,MHb,0.045153435319662094,3.1826973799893534,-0.19639760152364372
YOD1 / Yod1,YOD1,Yod1,Oligodendrocytes,down_in_suicide,Endothelial,0.054155997931957245,3.5756853396901054,-0.057216206429986725
YOD1 / Yod1,YOD1,Yod1,Oligodendrocytes,down_in_suicide,Pericytes,0.0862092450261116,4.7228915662650515,1.6191315855643167
YOD1 / Yod1,YOD1,Yod1,Oligodendrocytes,down_in_suicide,Fibroblasts,0.04401066526770592,2.518891687657431,-0.5878053838948505
YOD1 / Yod1,YOD1,Yod1,Oligodendrocytes,down_in_suicide,Astrocytes,0.05771845579147339,3.573107663375642,0.12909622392474498
YOD1 / Yod1,YOD1,Yod1,Oligodendrocytes,down_in_suicide,Microglia,0.02895115688443184,1.53753391618933,-1.375400274130642
YOD1 / Yod1,YOD1,Yod1,Oligodendrocytes,down_in_suicide,Macrophages,0.03447882458567619,2.0737327188940085,-1.086309639455158
YOD1 / Yod1,YOD1,Yod1,Oligodendrocytes,down_in_suicide,Polydendrocytes,0.04840279743075371,2.013808975834293,-0.3581019459859002
YOD1 / Yod1,YOD1,Yod1,Oligodendrocytes,down_in_suicide,Oligodendrocytes,0.08368717133998871,7.142400817734786,1.4872300455250207
YOD1 / Yod1,YOD1,Yod1,Oligodendrocytes,down_in_suicide,Diff. Oligodendrocytes,0.07465023547410965,2.916666666666668,1.014608740087193
YOD1 / Yod1,YOD1,Yod1,Oligodendrocytes,down_in_suicide,LHb,0.040804482996463776,2.1283456949371122,-0.7554850125870787
YOD1 / Yod1,YOD1,Yod1,Oligodendrocytes,down_in_suicide,MHb,0.054681211709976196,3.4891607425455398,-0.029748132617657616
PHLDB2 / Phldb2,PHLDB2,Phldb2,Pericytes,up_in_suicide,Endothelial,0.2019622027873993,12.425506555423114,0.2663290749208659
PHLDB2 / Phldb2,PHLDB2,Phldb2,Pericytes,up_in_suicide,Pericytes,0.819097638130188,37.445783132530345,2.5
PHLDB2 / Phldb2,PHLDB2,Phldb2,Pericytes,up_in_suicide,Fibroblasts,0.27832552790641785,12.59445843828714,0.5809922152016223
PHLDB2 / Phldb2,PHLDB2,Phldb2,Pericytes,up_in_suicide,Astrocytes,0.05321027711033821,2.820874471086033,-0.3466189336081176
PHLDB2 / Phldb2,PHLDB2,Phldb2,Pericytes,up_in_suicide,Microglia,0.008167371153831482,0.3718219274444776,-0.5322229812783161
PHLDB2 / Phldb2,PHLDB2,Phldb2,Pericytes,up_in_suicide,Macrophages,0.018536021932959557,0.8064516129032258,-0.4894978614704782
PHLDB2 / Phldb2,PHLDB2,Phldb2,Pericytes,up_in_suicide,Polydendrocytes,0.01768592931330204,0.6904487917146144,-0.4930007578256856
PHLDB2 / Phldb2,PHLDB2,Phldb2,Pericytes,up_in_suicide,Oligodendrocytes,0.03637837991118431,2.8940139270427236,-0.41597654239890547
PHLDB2 / Phldb2,PHLDB2,Phldb2,Pericytes,up_in_suicide,Diff. Oligodendrocytes,0.011386113241314888,0.4166666666666667,-0.5189598148116543
PHLDB2 / Phldb2,PHLDB2,Phldb2,Pericytes,up_in_suicide,LHb,0.03787560015916824,1.8768139309899992,-0.4098070883555112
PHLDB2 / Phldb2,PHLDB2,Phldb2,Pericytes,up_in_suicide,MHb,0.02799089066684246,1.5725087291818496,-0.4505380770175488
SLC19A1 / Slc19a1,SLC19A1,Slc19a1,Pericytes,up_in_suicide,Endothelial,0.03282086178660393,1.832538736591179,-0.27294270079569
SLC19A1 / Slc19a1,SLC19A1,Slc19a1,Pericytes,up_in_suicide,Pericytes,0.6577346920967102,31.56626506024114,2.5
SLC19A1 / Slc19a1,SLC19A1,Slc19a1,Pericytes,up_in_suicide,Fibroblasts,0.10845896601676941,5.919395465994958,0.12123873935252745
SLC19A1 / Slc19a1,SLC19A1,Slc19a1,Pericytes,up_in_suicide,Astrocytes,0.023744814097881317,1.5044663845792179,-0.3202417385651715
SLC19A1 / Slc19a1,SLC19A1,Slc19a1,Pericytes,up_in_suicide,Microglia,0.01936301589012146,1.0250226107928861,-0.34307710105281064
SLC19A1 / Slc19a1,SLC19A1,Slc19a1,Pericytes,up_in_suicide,Macrophages,0.00815012026578188,0.5760368663594471,-0.4015121370762426
SLC19A1 / Slc19a1,SLC19A1,Slc19a1,Pericytes,up_in_suicide,Polydendrocytes,0.014219035394489765,0.5178365937859608,-0.36988451063161637
SLC19A1 / Slc19a1,SLC19A1,Slc19a1,Pericytes,up_in_suicide,Oligodendrocytes,0.01652183011174202,1.303264549926529,-0.3578836950737591
SLC19A1 / Slc19a1,SLC19A1,Slc19a1,Pericytes,up_in_suicide,Diff. Oligodendrocytes,0.01432039961218834,0.5555555555555556,-0.3693562597755355
SLC19A1 / Slc19a1,SLC19A1,Slc19a1,Pericytes,up_in_suicide,LHb,0.017077310010790825,0.9093840696549483,-0.3549888596094255
SLC19A1 / Slc19a1,SLC19A1,Slc19a1,Pericytes,up_in_suicide,MHb,0.02473270520567894,1.5071968650305272,-0.3150934294748707
HSPA1A / Hspa1a,HSPA1A,Hspa1a,Pericytes,down_in_suicide,Endothelial,1.3171136379241943,48.51013110846577,1.5592007791451263
HSPA1A / Hspa1a,HSPA1A,Hspa1a,Pericytes,down_in_suicide,Pericytes,1.6102890968322754,50.45783132530147,2.147973765347328
HSPA1A / Hspa1a,HSPA1A,Hspa1a,Pericytes,down_in_suicide,Fibroblasts,0.24659864604473114,10.83123425692694,-0.5906732617810327
HSPA1A / Hspa1a,HSPA1A,Hspa1a,Pericytes,down_in_suicide,Astrocytes,0.11600807309150696,6.01786553831687,-0.8529332814085042
HSPA1A / Hspa1a,HSPA1A,Hspa1a,Pericytes,down_in_suicide,Microglia,0.27180686593055725,12.159581951562275,-0.5400485643582074
HSPA1A / Hspa1a,HSPA1A,Hspa1a,Pericytes,down_in_suicide,Macrophages,0.7328565716743469,28.686635944700456,0.3858598082232984
HSPA1A / Hspa1a,HSPA1A,Hspa1a,Pericytes,down_in_suicide,Polydendrocytes,0.19340510666370392,7.134637514384355,-0.6974997988475312
HSPA1A / Hspa1a,HSPA1A,Hspa1a,Pericytes,down_in_suicide,Oligodendrocytes,0.5907109379768372,28.512106305498214,0.10039420499923442
HSPA1A / Hspa1a,HSPA1A,Hspa1a,Pericytes,down_in_suicide,Diff. Oligodendrocytes,0.42404189705848694,15.208333333333293,-0.23432081273941152
HSPA1A / Hspa1a,HSPA1A,Hspa1a,Pericytes,down_in_suicide,LHb,0.12932436168193817,6.030312802321816,-0.8261906917397808
HSPA1A / Hspa1a,HSPA1A,Hspa1a,Pericytes,down_in_suicide,MHb,0.3157684803009033,14.966464869752224,-0.4517621468405206
HSPA1B / Hspa1b,HSPA1B,Hspa1b,Pericytes,down_in_suicide,Endothelial,1.245216727256775,45.93265792610558,1.6395718283876601
HSPA1B / Hspa1b,HSPA1B,Hspa1b,Pericytes,down_in_suicide,Pericytes,1.4211299419403076,44.674698795181,2.0227517205408074
HSPA1B / Hspa1b,HSPA1B,Hspa1b,Pericytes,down_in_suicide,Fibroblasts,0.18038639426231384,8.060453400503771,-0.6798762749981306
HSPA1B / Hspa1b,HSPA1B,Hspa1b,Pericytes,down_in_suicide,Astrocytes,0.09273525327444077,4.654442877291954,-0.8708008443163305
HSPA1B / Hspa1b,HSPA1B,Hspa1b,Pericytes,down_in_suicide,Microglia,0.19656310975551605,8.762938398150785,-0.6446396265790303
HSPA1B / Hspa1b,HSPA1B,Hspa1b,Pericytes,down_in_suicide,Macrophages,0.6092154383659363,24.07834101382481,0.25421311201791585
HSPA1B / Hspa1b,HSPA1B,Hspa1b,Pericytes,down_in_suicide,Polydendrocytes,0.13979032635688782,5.350978135788266,-0.768303951962749
HSPA1B / Hspa1b,HSPA1B,Hspa1b,Pericytes,down_in_suicide,Oligodendrocytes,0.6422723531723022,30.537277199256252,0.3262187602189706
HSPA1B / Hspa1b,HSPA1B,Hspa1b,Pericytes,down_in_suicide,Diff. Oligodendrocytes,0.4604187607765198,16.388888888888843,-0.0699006560922892
HSPA1B / Hspa1b,HSPA1B,Hspa1b,Pericytes,down_in_suicide,LHb,0.11926920711994171,5.585295066107694,-0.8130037220750791
HSPA1B / Hspa1b,HSPA1B,Hspa1b,Pericytes,down_in_suicide,MHb,0.3106047809123993,14.637393554220582,-0.3962303451417454
P2RY14 / P2ry14,P2RY14,P2ry14,Pericytes,up_in_suicide,Endothelial,0.03951030224561691,2.0560190703218106,-0.3738072329881829
P2RY14 / P2ry14,P2RY14,P2ry14,Pericytes,up_in_suicide,Pericytes,0.8412544131278992,36.481927710843586,2.5
P2RY14 / P2ry14,P2RY14,P2ry14,Pericytes,up_in_suicide,Fibroblasts,0.08192568272352219,5.037783375314859,-0.1963776150854987
P2RY14 / P2ry14,P2RY14,P2ry14,Pericytes,up_in_suicide,Astrocytes,0.10367944091558456,5.853314527503517,-0.10537852559305354
P2RY14 / P2ry14,P2RY14,P2ry14,Pericytes,up_in_suicide,Microglia,0.014242082834243774,0.582855994372425,-0.47950781765172373
P2RY14 / P2ry14,P2RY14,P2ry14,Pericytes,up_in_suicide,Macrophages,0.0532783642411232,2.995391705069123,-0.31621345564612496
P2RY14 / P2ry14,P2RY14,P2ry14,Pericytes,up_in_suicide,Polydendrocytes,0.01781184785068035,0.6904487917146144,-0.4645749787679927
P2RY14 / P2ry14,P2RY14,P2ry14,Pericytes,up_in_suicide,Oligodendrocytes,0.02439713105559349,1.462978342809681,-0.43702779494778976
P2RY14 / P2ry14,P2RY14,P2ry14,Pericytes,up_in_suicide,Diff. Oligodendrocytes,0.028843913227319717,1.1111111111111107,-0.41842626755993934
P2RY14 / P2ry14,P2RY14,P2ry14,Pericytes,up_in_suicide,LHb,0.10233432054519653,5.462753950338587,-0.11100535696087278
P2RY14 / P2ry14,P2RY14,P2ry14,Pericytes,up_in_suicide,MHb,0.11029987782239914,6.784897887412068,-0.0776842887975865
PLEKHG2 / Plekhg2,PLEKHG2,Plekhg2,Pericytes,up_in_suicide,Endothelial,0.09757489711046219,6.734207389749698,0.9172439064242259
PLEKHG2 / Plekhg2,PLEKHG2,Plekhg2,Pericytes,up_in_suicide,Pericytes,0.19944603741168976,11.951807228915689,2.5
PLEKHG2 / Plekhg2,PLEKHG2,Plekhg2,Pericytes,up_in_suicide,Fibroblasts,0.07063059508800507,4.15617128463476,0.47256884454606046
PLEKHG2 / Plekhg2,PLEKHG2,Plekhg2,Pericytes,up_in_suicide,Astrocytes,0.018622124567627907,1.081335213916313,-0.3857525113963586
PLEKHG2 / Plekhg2,PLEKHG2,Plekhg2,Pericytes,up_in_suicide,Microglia,0.018705636262893677,1.3164506079790992,-0.38437427683571174
PLEKHG2 / Plekhg2,PLEKHG2,Plekhg2,Pericytes,up_in_suicide,Macrophages,0.03123866394162178,2.0737327188940085,-0.1775355599183398
PLEKHG2 / Plekhg2,PLEKHG2,Plekhg2,Pericytes,up_in_suicide,Polydendrocytes,0.004123002756386995,0.17261219792865362,-0.6250386462986074
PLEKHG2 / Plekhg2,PLEKHG2,Plekhg2,Pericytes,up_in_suicide,Oligodendrocytes,0.009345087222754955,0.7921804127004424,-0.538856019215532
PLEKHG2 / Plekhg2,PLEKHG2,Plekhg2,Pericytes,up_in_suicide,Diff. Oligodendrocytes,0.003782914485782385,0.1388888888888889,-0.6306512902130461
PLEKHG2 / Plekhg2,PLEKHG2,Plekhg2,Pericytes,up_in_suicide,LHb,0.0038253008387982845,0.19348597226701075,-0.6299517673924355
PLEKHG2 / Plekhg2,PLEKHG2,Plekhg2,Pericytes,up_in_suicide,MHb,0.004663043189793825,0.23612750885478154,-0.6161260935465731
TMEM2 / Tmem2,TMEM2,Tmem2,Pericytes,up_in_suicide,Endothelial,0.1030467078089714,6.093563766388554,0.4100184506598373
TMEM2 / Tmem2,TMEM2,Tmem2,Pericytes,up_in_suicide,Pericytes,0.2052474319934845,10.795180722891583,2.263400770190378
TMEM2 / Tmem2,TMEM2,Tmem2,Pericytes,up_in_suicide,Fibroblasts,0.11151587963104248,6.171284634760701,0.5636045767987689
TMEM2 / Tmem2,TMEM2,Tmem2,Pericytes,up_in_suicide,Astrocytes,0.04237367585301399,2.374236013164078,-0.69027047191634
TMEM2 / Tmem2,TMEM2,Tmem2,Pericytes,up_in_suicide,Microglia,0.032945163547992706,1.6681740528590117,-0.8612539766325482
TMEM2 / Tmem2,TMEM2,Tmem2,Pericytes,up_in_suicide,Macrophages,0.07499378174543381,4.493087557603687,-0.09871372900055657
TMEM2 / Tmem2,TMEM2,Tmem2,Pericytes,up_in_suicide,Polydendrocytes,0.029827512800693512,1.1507479861910244,-0.9177917244775003
TMEM2 / Tmem2,TMEM2,Tmem2,Pericytes,up_in_suicide,Oligodendrocytes,0.0337408073246479,1.9996166868970722,-0.846825193274468
TMEM2 / Tmem2,TMEM2,Tmem2,Pericytes,up_in_suicide,Diff. Oligodendrocytes,0.03149675950407982,1.2499999999999996,-0.8875203897910126
TMEM2 / Tmem2,TMEM2,Tmem2,Pericytes,up_in_suicide,LHb,0.09036749601364136,4.740406320541749,0.18008439535293014
TMEM2 / Tmem2,TMEM2,Tmem2,Pericytes,up_in_suicide,MHb,0.12925326824188232,7.699263985530526,0.8852672920905115
ASPN / Aspn,ASPN,Aspn,Pericytes,up_in_suicide,Endothelial,0.015724394470453262,0.9535160905840281,-0.24120061056317035
ASPN / Aspn,ASPN,Aspn,Pericytes,up_in_suicide,Pericytes,0.5754139423370361,27.132530120482066,2.5
ASPN / Aspn,ASPN,Aspn,Pericytes,up_in_suicide,Fibroblasts,0.011379087343811989,0.5037783375314862,-0.2664737087059114
ASPN / Aspn,ASPN,Aspn,Pericytes,up_in_suicide,Astrocytes,0.006960259284824133,0.4231311706629055,-0.2921744179897267
ASPN / Aspn,ASPN,Aspn,Pericytes,up_in_suicide,Microglia,0.002958328928798437,0.14068937795196462,-0.3154503742571562
ASPN / Aspn,ASPN,Aspn,Pericytes,up_in_suicide,Macrophages,0.0013350818771868944,0.1152073732718894,-0.32489147493189807
ASPN / Aspn,ASPN,Aspn,Pericytes,up_in_suicide,Polydendrocytes,0.0032399471383541822,0.11507479861910241,-0.3138124314279259
ASPN / Aspn,ASPN,Aspn,Pericytes,up_in_suicide,Oligodendrocytes,0.004221983253955841,0.24276496518239296,-0.308100730412099
ASPN / Aspn,ASPN,Aspn,Pericytes,up_in_suicide,Diff. Oligodendrocytes,0.0,0.0,-0.3326565544366051
ASPN / Aspn,ASPN,Aspn,Pericytes,up_in_suicide,LHb,0.003357529640197754,0.17413737504030968,-0.3131285501688218
ASPN / Aspn,ASPN,Aspn,Pericytes,up_in_suicide,MHb,0.004554466810077429,0.23612750885478154,-0.3061669454574775
TAB1 / Tab1,TAB1,Tab1,Astrocytes,up_in_suicide,Endothelial,0.03181816264986992,1.8474374255065544,-0.6749775478430902
TAB1 / Tab1,TAB1,Tab1,Astrocytes,up_in_suicide,Pericytes,0.0830388069152832,4.674698795180714,1.5726595645422414
TAB1 / Tab1,TAB1,Tab1,Astrocytes,up_in_suicide,Fibroblasts,0.04118049889802933,2.3929471032745595,-0.26414448020432757
TAB1 / Tab1,TAB1,Tab1,Astrocytes,up_in_suicide,Astrocytes,0.08975759893655777,5.406676069581563,1.8674900281959832
TAB1 / Tab1,TAB1,Tab1,Astrocytes,up_in_suicide,Microglia,0.025440750643610954,1.3666968143905154,-0.9548277549580862
TAB1 / Tab1,TAB1,Tab1,Astrocytes,up_in_suicide,Macrophages,0.023740582168102264,1.7281105990783407,-1.029433645174139
TAB1 / Tab1,TAB1,Tab1,Astrocytes,up_in_suicide,Polydendrocytes,0.027545416727662086,1.0932105868814732,-0.8624719154809495
TAB1 / Tab1,TAB1,Tab1,Astrocytes,up_in_suicide,Oligodendrocytes,0.06617078185081482,5.653868268063729,0.8324658459492486
TAB1 / Tab1,TAB1,Tab1,Astrocytes,up_in_suicide,Diff. Oligodendrocytes,0.04079772159457207,1.5972222222222214,-0.280941310571615
TAB1 / Tab1,TAB1,Tab1,Astrocytes,up_in_suicide,LHb,0.046045560389757156,2.4701709126088303,-0.05065843527716543
TAB1 / Tab1,TAB1,Tab1,Astrocytes,up_in_suicide,MHb,0.043664101511240005,2.7179783466049723,-0.1551603491781016
SLC22A4 / Slc22a4,SLC22A4,Slc22a4,Astrocytes,down_in_suicide,Endothelial,0.01137714646756649,0.5512514898688912,-0.40407752069223973
SLC22A4 / Slc22a4,SLC22A4,Slc22a4,Astrocytes,down_in_suicide,Pericytes,0.012826509773731232,0.6265060240963856,-0.38702271925795867
SLC22A4 / Slc22a4,SLC22A4,Slc22a4,Astrocytes,down_in_suicide,Fibroblasts,0.0776110514998436,3.6523929471032743,0.37530339349113495
SLC22A4 / Slc22a4,SLC22A4,Slc22a4,Astrocytes,down_in_suicide,Astrocytes,0.29420948028564453,16.47860836859424,2.5
SLC22A4 / Slc22a4,SLC22A4,Slc22a4,Astrocytes,down_in_suicide,Microglia,0.010221139527857304,0.44216661642046,-0.4176803687356068
SLC22A4 / Slc22a4,SLC22A4,Slc22a4,Astrocytes,down_in_suicide,Macrophages,0.011558983474969864,0.4608294930875576,-0.4019378266338365
SLC22A4 / Slc22a4,SLC22A4,Slc22a4,Astrocytes,down_in_suicide,Polydendrocytes,0.015675457194447517,0.6904487917146144,-0.35349887306262756
SLC22A4 / Slc22a4,SLC22A4,Slc22a4,Astrocytes,down_in_suicide,Oligodendrocytes,0.008067954331636429,0.5174726889414172,-0.44301711199148064
SLC22A4 / Slc22a4,SLC22A4,Slc22a4,Astrocytes,down_in_suicide,Diff. Oligodendrocytes,0.007390248589217663,0.2777777777777778,-0.45099174251970126
SLC22A4 / Slc22a4,SLC22A4,Slc22a4,Astrocytes,down_in_suicide,LHb,0.038711704313755035,2.0574008384392086,-0.0824290738344124
SLC22A4 / Slc22a4,SLC22A4,Slc22a4,Astrocytes,down_in_suicide,MHb,0.015234582126140594,0.7184305056645507,-0.3586866936148094
KREMEN1 / Kremen1,KREMEN1,Kremen1,Astrocytes,down_in_suicide,Endothelial,0.05953299626708031,3.7842669845053614,0.4053816552566481
KREMEN1 / Kremen1,KREMEN1,Kremen1,Astrocytes,down_in_suicide,Pericytes,0.07204844802618027,3.855421686746985,0.8490232838113501
KREMEN1 / Kremen1,KREMEN1,Kremen1,Astrocytes,down_in_suicide,Fibroblasts,0.08930153399705887,5.16372795969773,1.4606022587492318
KREMEN1 / Kremen1,KREMEN1,Kremen1,Astrocytes,down_in_suicide,Astrocytes,0.09391867369413376,5.406676069581563,1.6242683743559267
KREMEN1 / Kremen1,KREMEN1,Kremen1,Astrocytes,down_in_suicide,Microglia,0.02414065971970558,1.1858104713094175,-0.8491886252621419
KREMEN1 / Kremen1,KREMEN1,Kremen1,Astrocytes,down_in_suicide,Macrophages,0.017564885318279266,1.2672811059907834,-1.0822834683896332
KREMEN1 / Kremen1,KREMEN1,Kremen1,Astrocytes,down_in_suicide,Polydendrocytes,0.021033532917499542,0.863060989643268,-0.9593285403997941
KREMEN1 / Kremen1,KREMEN1,Kremen1,Astrocytes,down_in_suicide,Oligodendrocytes,0.041012104600667953,3.3220468919695816,-0.2511378775039718
KREMEN1 / Kremen1,KREMEN1,Kremen1,Astrocytes,down_in_suicide,Diff. Oligodendrocytes,0.019796058535575867,0.763888888888889,-1.0031939286141804
KREMEN1 / Kremen1,KREMEN1,Kremen1,Astrocytes,down_in_suicide,LHb,0.03209437057375908,1.6510802966784872,-0.5672493629594554
KREMEN1 / Kremen1,KREMEN1,Kremen1,Astrocytes,down_in_suicide,MHb,0.05862248316407204,3.6047125021978723,0.37310623095602075
PRTG / Prtg,PRTG,Prtg,Astrocytes,down_in_suicide,Endothelial,0.007013275288045406,0.35756853396901056,-0.7487756262754939
PRTG / Prtg,PRTG,Prtg,Astrocytes,down_in_suicide,Pericytes,0.016972623765468597,0.8674698795180725,-0.4173929092048792
PRTG / Prtg,PRTG,Prtg,Astrocytes,down_in_suicide,Fibroblasts,0.040260471403598785,2.141057934508816,0.3574760736953725
PRTG / Prtg,PRTG,Prtg,Astrocytes,down_in_suicide,Astrocytes,0.10250285267829895,5.453690644099663,2.4285000438388415
PRTG / Prtg,PRTG,Prtg,Astrocytes,down_in_suicide,Microglia,0.005296627059578896,0.2512310320570796,-0.805894578935224
PRTG / Prtg,PRTG,Prtg,Astrocytes,down_in_suicide,Macrophages,0.0096672298386693,0.4608294930875576,-0.6604691801298102
PRTG / Prtg,PRTG,Prtg,Astrocytes,down_in_suicide,Polydendrocytes,0.017829647287726402,0.6904487917146144,-0.38887670816592323
PRTG / Prtg,PRTG,Prtg,Astrocytes,down_in_suicide,Oligodendrocytes,0.06556396931409836,5.213058199706205,1.1994128638358335
PRTG / Prtg,PRTG,Prtg,Astrocytes,down_in_suicide,Diff. Oligodendrocytes,0.016090385615825653,0.625,-0.4467480899975563
PRTG / Prtg,PRTG,Prtg,Astrocytes,down_in_suicide,LHb,0.031955450773239136,1.6510802966784872,0.08113868997444874
PRTG / Prtg,PRTG,Prtg,Astrocytes,down_in_suicide,MHb,0.01153353601694107,0.6405586676379734,-0.5983705786356098
PAX6 / Pax6,PAX6,Pax6,Astrocytes,down_in_suicide,Endothelial,0.007036206778138876,0.35756853396901056,-0.34110004864650983
PAX6 / Pax6,PAX6,Pax6,Astrocytes,down_in_suicide,Pericytes,0.01345004327595234,0.674698795180723,-0.2546099665847424
PAX6 / Pax6,PAX6,Pax6,Astrocytes,down_in_suicide,Fibroblasts,0.005238230340182781,0.2518891687657431,-0.3653456198762973
PAX6 / Pax6,PAX6,Pax6,Astrocytes,down_in_suicide,Astrocytes,0.25555840134620667,14.974141984015024,2.5
PAX6 / Pax6,PAX6,Pax6,Astrocytes,down_in_suicide,Microglia,0.007426727097481489,0.34167420359762807,-0.3358339127731921
PAX6 / Pax6,PAX6,Pax6,Astrocytes,down_in_suicide,Macrophages,0.010319734923541546,0.5760368663594471,-0.2968219291707771
PAX6 / Pax6,PAX6,Pax6,Astrocytes,down_in_suicide,Polydendrocytes,0.019833538681268692,0.7479861910241655,-0.1685290317752963
PAX6 / Pax6,PAX6,Pax6,Astrocytes,down_in_suicide,Oligodendrocytes,0.008845087140798569,0.5558039992333742,-0.3167074388474151
PAX6 / Pax6,PAX6,Pax6,Astrocytes,down_in_suicide,Diff. Oligodendrocytes,0.005287326406687498,0.20833333333333334,-0.36468356327065254
PAX6 / Pax6,PAX6,Pax6,Astrocytes,down_in_suicide,LHb,0.00971511472016573,0.47726539825862563,-0.3049751851859568
PAX6 / Pax6,PAX6,Pax6,Astrocytes,down_in_suicide,MHb,0.012932013720273972,0.6983345474641437,-0.26159555450802624
ID2 / Id2,ID2,Id2,Astrocytes,down_in_suicide,Endothelial,0.2485126554965973,14.541120381406616,0.1740239235448923
ID2 / Id2,ID2,Id2,Astrocytes,down_in_suicide,Pericytes,0.09502783417701721,4.481927710843366,-0.577577101905568
ID2 / Id2,ID2,Id2,Astrocytes,down_in_suicide,Fibroblasts,0.19346266984939575,9.697732997481099,-0.09555078298142337
ID2 / Id2,ID2,Id2,Astrocytes,down_in_suicide,Astrocytes,0.786842942237854,32.72214386459798,2.5
ID2 / Id2,ID2,Id2,Astrocytes,down_in_suicide,Microglia,0.16217082738876343,7.938900613003619,-0.2487840517792233
ID2 / Id2,ID2,Id2,Astrocytes,down_in_suicide,Macrophages,0.2561520040035248,13.8248847926267,0.2114331091712997
ID2 / Id2,ID2,Id2,Astrocytes,down_in_suicide,Polydendrocytes,0.2596593201160431,10.06904487917147,0.22860811295397926
ID2 / Id2,ID2,Id2,Astrocytes,down_in_suicide,Oligodendrocytes,0.07751495391130447,4.98945888966978,-0.6633360626492755
ID2 / Id2,ID2,Id2,Astrocytes,down_in_suicide,Diff. Oligodendrocytes,0.09784217178821564,3.8194444444444433,-0.5637955499817056
ID2 / Id2,ID2,Id2,Astrocytes,down_in_suicide,LHb,0.08143454790115356,3.760077394388898,-0.6441421720951988
ID2 / Id2,ID2,Id2,Astrocytes,down_in_suicide,MHb,0.08410664647817612,3.7579441834759657,-0.6310571516135112
FREM2 / Frem2,FREM2,Frem2,Astrocytes,down_in_suicide,Endothelial,0.023854151368141174,1.6388557806912982,0.033958052089139566
FREM2 / Frem2,FREM2,Frem2,Astrocytes,down_in_suicide,Pericytes,0.009369077160954475,0.48192771084337344,-0.2726331611248062
FREM2 / Frem2,FREM2,Frem2,Astrocytes,down_in_suicide,Fibroblasts,0.012360178865492344,0.5037783375314862,-0.20932347507669616
FREM2 / Frem2,FREM2,Frem2,Astrocytes,down_in_suicide,Astrocytes,0.16361314058303833,8.791725434884802,2.5
FREM2 / Frem2,FREM2,Frem2,Astrocytes,down_in_suicide,Microglia,0.00394569942727685,0.18088634308109738,-0.3874244238620556
FREM2 / Frem2,FREM2,Frem2,Astrocytes,down_in_suicide,Macrophages,0.00609618192538619,0.2304147465437788,-0.3419072916292375
FREM2 / Frem2,FREM2,Frem2,Astrocytes,down_in_suicide,Polydendrocytes,0.003178337123245001,0.11507479861910241,-0.4036664214108874
FREM2 / Frem2,FREM2,Frem2,Astrocytes,down_in_suicide,Oligodendrocytes,0.004940805025398731,0.2747077237590236,-0.36636200966656546
FREM2 / Frem2,FREM2,Frem2,Astrocytes,down_in_suicide,Diff. Oligodendrocytes,0.005515779368579388,0.20833333333333334,-0.3541920974575422
FREM2 / Frem2,FREM2,Frem2,Astrocytes,down_in_suicide,LHb,0.006010965444147587,0.27732989358271515,-0.3437109844509011
FREM2 / Frem2,FREM2,Frem2,Astrocytes,down_in_suicide,MHb,0.005863308906555176,0.27129543570549386,-0.3468362840767026
STAMBPL1 / Stambpl1,STAMBPL1,Stambpl1,Astrocytes,down_in_suicide,Endothelial,0.030719894915819168,1.6388557806912982,-0.946546360570958
STAMBPL1 / Stambpl1,STAMBPL1,Stambpl1,Astrocytes,down_in_suicide,Pericytes,0.041422225534915924,2.168674698795182,-0.7011997540846214
STAMBPL1 / Stambpl1,STAMBPL1,Stambpl1,Astrocytes,down_in_suicide,Fibroblasts,0.06581589579582214,4.030226700251888,-0.14198471660663362
STAMBPL1 / Stambpl1,STAMBPL1,Stambpl1,Astrocytes,down_in_suicide,Astrocytes,0.16222909092903137,9.261871180065807,2.068248837964141
STAMBPL1 / Stambpl1,STAMBPL1,Stambpl1,Astrocytes,down_in_suicide,Microglia,0.07294885069131851,4.2508290624057965,0.02153539318211013
STAMBPL1 / Stambpl1,STAMBPL1,Stambpl1,Astrocytes,down_in_suicide,Macrophages,0.08592449128627777,5.414746543778803,0.3189967126146323
STAMBPL1 / Stambpl1,STAMBPL1,Stambpl1,Astrocytes,down_in_suicide,Polydendrocytes,0.09435508400201797,3.6248561565017283,0.5122646452819801
STAMBPL1 / Stambpl1,STAMBPL1,Stambpl1,Astrocytes,down_in_suicide,Oligodendrocytes,0.018882138654589653,1.0541110330288117,-1.2179221412745225
STAMBPL1 / Stambpl1,STAMBPL1,Stambpl1,Astrocytes,down_in_suicide,Diff. Oligodendrocytes,0.019531045109033585,0.8333333333333334,-1.2030462229169996
STAMBPL1 / Stambpl1,STAMBPL1,Stambpl1,Astrocytes,down_in_suicide,LHb,0.08677566796541214,4.701709126088347,0.3385095941708509
STAMBPL1 / Stambpl1,STAMBPL1,Stambpl1,Astrocytes,down_in_suicide,MHb,0.11349955946207047,7.312416790172717,0.9511440122400194
ST6GALNAC1 / St6galnac1,ST6GALNAC1,St6galnac1,MHb,up_in_suicide,Endothelial,0.002042799722403288,0.08939213349225268,-0.2613982676657698
ST6GALNAC1 / St6galnac1,ST6GALNAC1,St6galnac1,MHb,up_in_suicide,Pericytes,0.0,0.0,-0.8283960851446207
ST6GALNAC1 / St6galnac1,ST6GALNAC1,St6galnac1,MHb,up_in_suicide,Fibroblasts,0.0,0.0,-0.8283960851446207
ST6GALNAC1 / St6galnac1,ST6GALNAC1,St6galnac1,MHb,up_in_suicide,Astrocytes,0.0031019379384815693,0.11753643629525151,0.032575267937772504
ST6GALNAC1 / St6galnac1,ST6GALNAC1,St6galnac1,MHb,up_in_suicide,Microglia,0.0021049792412668467,0.08039393025826551,-0.24413977134776277
ST6GALNAC1 / St6galnac1,ST6GALNAC1,St6galnac1,MHb,up_in_suicide,Macrophages,0.0021005477756261826,0.1152073732718894,-0.24536976532070742
ST6GALNAC1 / St6galnac1,ST6GALNAC1,St6galnac1,MHb,up_in_suicide,Polydendrocytes,0.0012821637792512774,0.05753739930955121,-0.47251975693040094
ST6GALNAC1 / St6galnac1,ST6GALNAC1,St6galnac1,MHb,up_in_suicide,Oligodendrocytes,0.0018615353619679809,0.10860537916054429,-0.31170985505555343
ST6GALNAC1 / St6galnac1,ST6GALNAC1,St6galnac1,MHb,up_in_suicide,Diff. Oligodendrocytes,0.004973305854946375,0.20833333333333334,0.5519906137981023
ST6GALNAC1 / St6galnac1,ST6GALNAC1,St6galnac1,MHb,up_in_suicide,LHb,0.002329153474420309,0.1225411157691068,-0.18191815483830298
ST6GALNAC1 / St6galnac1,ST6GALNAC1,St6galnac1,MHb,up_in_suicide,MHb,0.013033897615969181,1.027405862995809,2.5
TMEM158 / Tmem158,TMEM158,Tmem158,MHb,down_in_suicide,Endothelial,0.039807263761758804,2.1305125148986876,-0.4471350144931474
TMEM158 / Tmem158,TMEM158,Tmem158,MHb,down_in_suicide,Pericytes,0.041669879108667374,2.1204819277108444,-0.4087514790879133
TMEM158 / Tmem158,TMEM158,Tmem158,MHb,down_in_suicide,Fibroblasts,0.1858450174331665,9.193954659949613,2.5
TMEM158 / Tmem158,TMEM158,Tmem158,MHb,down_in_suicide,Astrocytes,0.02563837356865406,1.2223789374706147,-0.7391180582721839
TMEM158 / Tmem158,TMEM158,Tmem158,MHb,down_in_suicide,Microglia,0.02973577193915844,1.3365490905436657,-0.6546816040764033
TMEM158 / Tmem158,TMEM158,Tmem158,MHb,down_in_suicide,Macrophages,0.042834244668483734,2.0737327188940085,-0.3847570098250976
TMEM158 / Tmem158,TMEM158,Tmem158,MHb,down_in_suicide,Polydendrocytes,0.0757276713848114,3.049482163406216,0.2930888004014472
TMEM158 / Tmem158,TMEM158,Tmem158,MHb,down_in_suicide,Oligodendrocytes,0.026335032656788826,1.5268638599629418,-0.7247617721934826
TMEM158 / Tmem158,TMEM158,Tmem158,MHb,down_in_suicide,Diff. Oligodendrocytes,0.026603326201438904,1.0416666666666665,-0.7192329576762158
TMEM158 / Tmem158,TMEM158,Tmem158,MHb,down_in_suicide,LHb,0.08221790939569473,4.056755885198314,0.42683529878212706
TMEM158 / Tmem158,TMEM158,Tmem158,MHb,down_in_suicide,MHb,0.10014186054468155,5.687156170714909,0.7962001355267011
SAMD15 / Samd15,SAMD15,Samd15,MHb,down_in_suicide,Endothelial,0.009180021472275257,0.6108462455303929,0.25334095214164737
SAMD15 / Samd15,SAMD15,Samd15,MHb,down_in_suicide,Pericytes,0.0077707599848508835,0.4337349397590361,-0.03688420120614561
SAMD15 / Samd15,SAMD15,Samd15,MHb,down_in_suicide,Fibroblasts,0.007535334676504135,0.5037783375314862,-0.08536799702870984
SAMD15 / Samd15,SAMD15,Samd15,MHb,down_in_suicide,Astrocytes,0.0030184315983206034,0.18805829807240246,-1.0155849228590077
SAMD15 / Samd15,SAMD15,Samd15,MHb,down_in_suicide,Microglia,0.005686702206730843,0.30147723846849545,-0.46607778496468
SAMD15 / Samd15,SAMD15,Samd15,MHb,down_in_suicide,Macrophages,0.0025895843282341957,0.2304147465437788,-1.1039022903839535
SAMD15 / Samd15,SAMD15,Samd15,MHb,down_in_suicide,Polydendrocytes,0.004342361353337765,0.17261219792865362,-0.7429330980554995
SAMD15 / Samd15,SAMD15,Samd15,MHb,down_in_suicide,Oligodendrocytes,0.005328095518052578,0.39609020635021996,-0.5399297153139643
SAMD15 / Samd15,SAMD15,Samd15,MHb,down_in_suicide,Diff. Oligodendrocytes,0.011325787752866745,0.4166666666666667,0.6952428655838164
SAMD15 / Samd15,SAMD15,Samd15,MHb,down_in_suicide,LHb,0.011122201569378376,0.7029990325701374,0.6533160607646543
SAMD15 / Samd15,SAMD15,Samd15,MHb,down_in_suicide,MHb,0.019549185410141945,1.595116682157306,2.388780131321842
DYRK3 / Dyrk3,DYRK3,Dyrk3,MHb,down_in_suicide,Endothelial,0.006192104425281286,0.2830750893921334,-0.7053916090504201
DYRK3 / Dyrk3,DYRK3,Dyrk3,MHb,down_in_suicide,Pericytes,0.007567157968878746,0.3373493975903614,-0.4418999981689991
DYRK3 / Dyrk3,DYRK3,Dyrk3,MHb,down_in_suicide,Fibroblasts,0.01194076333194971,0.6297229219143576,0.39618250984754133
DYRK3 / Dyrk3,DYRK3,Dyrk3,MHb,down_in_suicide,Astrocytes,0.014645948074758053,0.9167842031029612,0.914557586173354
DYRK3 / Dyrk3,DYRK3,Dyrk3,MHb,down_in_suicide,Microglia,0.0044570909813046455,0.2110340669279469,-1.037859744115391
DYRK3 / Dyrk3,DYRK3,Dyrk3,MHb,down_in_suicide,Macrophages,0.011617446318268776,0.8064516129032258,0.3342275982320419
DYRK3 / Dyrk3,DYRK3,Dyrk3,MHb,down_in_suicide,Polydendrocytes,0.004162750206887722,0.17261219792865362,-1.0942621476147447
DYRK3 / Dyrk3,DYRK3,Dyrk3,MHb,down_in_suicide,Oligodendrocytes,0.004734605550765991,0.28748482718967583,-0.9846816251316546
DYRK3 / Dyrk3,DYRK3,Dyrk3,MHb,down_in_suicide,Diff. Oligodendrocytes,0.012342694215476513,0.4861111111111111,0.4732016313621819
DYRK3 / Dyrk3,DYRK3,Dyrk3,MHb,down_in_suicide,LHb,0.00971855130046606,0.5933569816188317,-0.029643982962191895
DYRK3 / Dyrk3,DYRK3,Dyrk3,MHb,down_in_suicide,MHb,0.02122664824128151,1.662940541083675,2.175569781428282
MED27 / Med27,MED27,Med27,MHb,up_in_suicide,Endothelial,0.09775771200656891,6.227651966626933,0.5301904621991372
MED27 / Med27,MED27,Med27,MHb,up_in_suicide,Pericytes,0.07485517859458923,4.144578313253007,-0.1725992925248084
MED27 / Med27,MED27,Med27,MHb,up_in_suicide,Fibroblasts,0.056053657084703445,3.1486146095717893,-0.7495449278691498
MED27 / Med27,MED27,Med27,MHb,up_in_suicide,Astrocytes,0.10532554984092712,6.158909261871171,0.7624179978925115
MED27 / Med27,MED27,Med27,MHb,up_in_suicide,Microglia,0.04595761001110077,2.6128027333936337,-1.0593533808862834
MED27 / Med27,MED27,Med27,MHb,up_in_suicide,Macrophages,0.06076566129922867,4.377880184331797,-0.6049518286423106
MED27 / Med27,MED27,Med27,MHb,up_in_suicide,Polydendrocytes,0.03178541362285614,1.2658227848101269,-1.4942430170862766
MED27 / Med27,MED27,Med27,MHb,up_in_suicide,Oligodendrocytes,0.11799079924821854,9.538107710982196,1.1510652870090974
MED27 / Med27,MED27,Med27,MHb,up_in_suicide,Diff. Oligodendrocytes,0.055650632828474045,2.2222222222222223,-0.7619121762031313
MED27 / Med27,MED27,Med27,MHb,up_in_suicide,LHb,0.11483695358037949,6.217349242179926,1.054286018817815
MED27 / Med27,MED27,Med27,MHb,up_in_suicide,MHb,0.12429917603731155,7.824863724283062,1.3446448572934002
WNK3 / Wnk3,WNK3,Wnk3,MHb,down_in_suicide,Endothelial,0.033909596502780914,1.6984505363528,-0.6677314026595609
WNK3 / Wnk3,WNK3,Wnk3,MHb,down_in_suicide,Pericytes,0.04159858822822571,1.9759036144578321,-0.41612736782472026
WNK3 / Wnk3,WNK3,Wnk3,MHb,down_in_suicide,Fibroblasts,0.024093499407172203,1.259445843828715,-0.9889399204698517
WNK3 / Wnk3,WNK3,Wnk3,MHb,down_in_suicide,Astrocytes,0.09064416587352753,5.406676069581563,1.1887729451157973
WNK3 / Wnk3,WNK3,Wnk3,MHb,down_in_suicide,Microglia,0.026306504383683205,1.165711988744851,-0.9165245764193234
WNK3 / Wnk3,WNK3,Wnk3,MHb,down_in_suicide,Macrophages,0.033074215054512024,1.4976958525345623,-0.6950672810836551
WNK3 / Wnk3,WNK3,Wnk3,MHb,down_in_suicide,Polydendrocytes,0.06460069864988327,2.646720368239357,0.33656219128269166
WNK3 / Wnk3,WNK3,Wnk3,MHb,down_in_suicide,Oligodendrocytes,0.04918578639626503,3.6606401328818823,-0.1678542859519765
WNK3 / Wnk3,WNK3,Wnk3,MHb,down_in_suicide,Diff. Oligodendrocytes,0.02990565076470375,1.1805555555555551,-0.7987510394249655
WNK3 / Wnk3,WNK3,Wnk3,MHb,down_in_suicide,LHb,0.10311699658632278,5.4821025475652885,1.596916775309563
WNK3 / Wnk3,WNK3,Wnk3,MHb,down_in_suicide,MHb,0.10103364288806915,6.335250822677992,1.528743962126001
PRKAR1B / Prkar1b,PRKAR1B,Prkar1b,MHb,down_in_suicide,Endothelial,0.10861367732286453,5.393325387365908,-0.5333880554858629
PRKAR1B / Prkar1b,PRKAR1B,Prkar1b,MHb,down_in_suicide,Pericytes,0.21967065334320068,11.710843373493999,0.8899898682868356
PRKAR1B / Prkar1b,PRKAR1B,Prkar1b,MHb,down_in_suicide,Fibroblasts,0.1259644478559494,6.045340050377829,-0.31100937544043705
PRKAR1B / Prkar1b,PRKAR1B,Prkar1b,MHb,down_in_suicide,Astrocytes,0.11364194005727768,5.547719793135864,-0.46894259309742137
PRKAR1B / Prkar1b,PRKAR1B,Prkar1b,MHb,down_in_suicide,Microglia,0.09589377790689468,4.32117375138178,-0.6964145007402824
PRKAR1B / Prkar1b,PRKAR1B,Prkar1b,MHb,down_in_suicide,Macrophages,0.10754465311765671,5.184331797235024,-0.5470893600612083
PRKAR1B / Prkar1b,PRKAR1B,Prkar1b,MHb,down_in_suicide,Polydendrocytes,0.11708760261535645,4.602991944764099,-0.42478075659071335
PRKAR1B / Prkar1b,PRKAR1B,Prkar1b,MHb,down_in_suicide,Oligodendrocytes,0.0854044258594513,5.16833833769892,-0.8308528104622842
PRKAR1B / Prkar1b,PRKAR1B,Prkar1b,MHb,down_in_suicide,Diff. Oligodendrocytes,0.09728217124938965,3.8194444444444433,-0.6786199550571869
PRKAR1B / Prkar1b,PRKAR1B,Prkar1b,MHb,down_in_suicide,LHb,0.29540184140205383,14.485649790390163,1.8606096806281287
PRKAR1B / Prkar1b,PRKAR1B,Prkar1b,MHb,down_in_suicide,MHb,0.28603029251098633,15.443743877011858,1.7404978580204304
CDR1 / Cdr1,CDR1,Cdr1,MHb,up_in_suicide,Endothelial,0.009599476121366024,0.4618593563766386,-0.2034534739516935
CDR1 / Cdr1,CDR1,Cdr1,MHb,up_in_suicide,Pericytes,0.007179202977567911,0.2891566265060241,-0.508785281428094
CDR1 / Cdr1,CDR1,Cdr1,MHb,up_in_suicide,Fibroblasts,0.0058223349042236805,0.2518891687657431,-0.6799622340802502
CDR1 / Cdr1,CDR1,Cdr1,MHb,up_in_suicide,Astrocytes,0.008265846408903599,0.4231311706629055,-0.3716987695927342
CDR1 / Cdr1,CDR1,Cdr1,MHb,up_in_suicide,Microglia,0.00720182666555047,0.30147723846849545,-0.5059311690477629
CDR1 / Cdr1,CDR1,Cdr1,MHb,up_in_suicide,Macrophages,0.004051580093801022,0.2304147465437788,-0.9033534526496618
CDR1 / Cdr1,CDR1,Cdr1,MHb,up_in_suicide,Polydendrocytes,0.013532225042581558,0.5178365937859608,0.292686120681501
CDR1 / Cdr1,CDR1,Cdr1,MHb,up_in_suicide,Oligodendrocytes,0.006117065902799368,0.3258161374816326,-0.6427801710783787
CDR1 / Cdr1,CDR1,Cdr1,MHb,up_in_suicide,Diff. Oligodendrocytes,0.010365484282374382,0.4166666666666667,-0.10681700259238266
CDR1 / Cdr1,CDR1,Cdr1,MHb,up_in_suicide,LHb,0.020199518650770187,1.0512737826507559,1.1338047413547951
CDR1 / Cdr1,CDR1,Cdr1,MHb,up_in_suicide,MHb,0.03099953383207321,1.9518199402145064,2.4962906923846617
DCHS2 / Dchs2,DCHS2,Dchs2,LHb,down_in_suicide,Endothelial,0.005497339181602001,0.2532777115613825,-0.34210015316130266
DCHS2 / Dchs2,DCHS2,Dchs2,LHb,down_in_suicide,Pericytes,0.007415978237986565,0.3373493975903614,-0.14674768050859238
DCHS2 / Dchs2,DCHS2,Dchs2,LHb,down_in_suicide,Fibroblasts,0.024457847699522972,1.259445843828715,1.588425658560851
DCHS2 / Dchs2,DCHS2,Dchs2,LHb,down_in_suicide,Astrocytes,0.004171557258814573,0.23507287259050308,-0.4770889494921936
DCHS2 / Dchs2,DCHS2,Dchs2,LHb,down_in_suicide,Microglia,0.004108345601707697,0.1708371017988142,-0.4835250498494817
DCHS2 / Dchs2,DCHS2,Dchs2,LHb,down_in_suicide,Macrophages,0.0032606066670268774,0.1152073732718894,-0.5698403453203974
DCHS2 / Dchs2,DCHS2,Dchs2,LHb,down_in_suicide,Polydendrocytes,0.0016869005048647523,0.05753739930955121,-0.730072354037288
DCHS2 / Dchs2,DCHS2,Dchs2,LHb,down_in_suicide,Oligodendrocytes,0.0038909779395908117,0.26193062032837133,-0.5056570449884158
DCHS2 / Dchs2,DCHS2,Dchs2,LHb,down_in_suicide,Diff. Oligodendrocytes,0.005023179575800896,0.20833333333333334,-0.3903782548277134
DCHS2 / Dchs2,DCHS2,Dchs2,LHb,down_in_suicide,LHb,0.03194271773099899,1.6381812318606865,2.3505220326898764
DCHS2 / Dchs2,DCHS2,Dchs2,LHb,down_in_suicide,MHb,0.005974289961159229,0.2788314200306465,-0.2935378590653427
WSCD2 / Wscd2,WSCD2,Wscd2,LHb,up_in_suicide,Endothelial,0.003406335599720478,0.14898688915375444,-0.558556210184967
WSCD2 / Wscd2,WSCD2,Wscd2,LHb,up_in_suicide,Pericytes,0.009805485606193542,0.38554216867469876,-0.18030322094389267
WSCD2 / Wscd2,WSCD2,Wscd2,LHb,up_in_suicide,Fibroblasts,0.01230053510516882,0.6297229219143576,-0.03282114436541236
WSCD2 / Wscd2,WSCD2,Wscd2,LHb,up_in_suicide,Astrocytes,0.01229684054851532,0.5876821814762574,-0.03303952916600199
WSCD2 / Wscd2,WSCD2,Wscd2,LHb,up_in_suicide,Microglia,0.004281929694116116,0.19093558436338057,-0.5067999483014419
WSCD2 / Wscd2,WSCD2,Wscd2,LHb,up_in_suicide,Macrophages,0.007545270025730133,0.4608294930875576,-0.31390429276979553
WSCD2 / Wscd2,WSCD2,Wscd2,LHb,up_in_suicide,Polydendrocytes,0.0014087955933064222,0.05753739930955121,-0.6766305603393545
WSCD2 / Wscd2,WSCD2,Wscd2,LHb,up_in_suicide,Oligodendrocytes,0.016403745859861374,1.316041653357181,0.20971915112361422
WSCD2 / Wscd2,WSCD2,Wscd2,LHb,up_in_suicide,Diff. Oligodendrocytes,0.0032032341696321964,0.1388888888888889,-0.5705615113534532
WSCD2 / Wscd2,WSCD2,Wscd2,LHb,up_in_suicide,LHb,0.06192878633737564,3.269912931312472,2.5
WSCD2 / Wscd2,WSCD2,Wscd2,LHb,up_in_suicide,MHb,0.008832748979330063,0.4546710542842082,-0.23780156626838111
CHGA / Chga,CHGA,Chga,LHb,up_in_suicide,Endothelial,0.042784109711647034,1.9517282479141824,-0.5265790044001635
CHGA / Chga,CHGA,Chga,LHb,up_in_suicide,Pericytes,0.038634538650512695,1.7349397590361453,-0.596929277974914
CHGA / Chga,CHGA,Chga,LHb,up_in_suicide,Fibroblasts,0.09873577207326889,3.904282115869017,0.42200452293582863
CHGA / Chga,CHGA,Chga,LHb,up_in_suicide,Astrocytes,0.04554397240281105,2.021626704278324,-0.47978932602336755
CHGA / Chga,CHGA,Chga,LHb,up_in_suicide,Microglia,0.03593861684203148,1.627977087729879,-0.6426349265753608
CHGA / Chga,CHGA,Chga,LHb,up_in_suicide,Macrophages,0.024920977652072906,1.2672811059907834,-0.8294238548145114
CHGA / Chga,CHGA,Chga,LHb,up_in_suicide,Polydendrocytes,0.10204103589057922,4.085155350978138,0.4780407277287505
CHGA / Chga,CHGA,Chga,LHb,up_in_suicide,Oligodendrocytes,0.033358555287122726,1.8654571008752243,-0.6863763238314688
CHGA / Chga,CHGA,Chga,LHb,up_in_suicide,Diff. Oligodendrocytes,0.04851040244102478,1.8749999999999996,-0.4294975822131903
CHGA / Chga,CHGA,Chga,LHb,up_in_suicide,LHb,0.22295407950878143,10.003224766204426,2.5
CHGA / Chga,CHGA,Chga,LHb,up_in_suicide,MHb,0.11886275559663773,6.79243387173722,0.7632298631560362
FAM163B / Fam163b,FAM163B,Fam163b,LHb,up_in_suicide,Endothelial,0.008600903674960136,0.40226460071513687,-0.09194206267850794
FAM163B / Fam163b,FAM163B,Fam163b,LHb,up_in_suicide,Pericytes,0.01117146946489811,0.4337349397590361,0.15979239589120003
FAM163B / Fam163b,FAM163B,Fam163b,LHb,up_in_suicide,Fibroblasts,0.007785724475979805,0.3778337531486146,-0.17177222889944468
FAM163B / Fam163b,FAM163B,Fam163b,LHb,up_in_suicide,Astrocytes,0.005887964740395546,0.2585801598495534,-0.35761906518844044
FAM163B / Fam163b,FAM163B,Fam163b,LHb,up_in_suicide,Microglia,0.005954431835561991,0.24118179077479643,-0.35110996968895125
FAM163B / Fam163b,FAM163B,Fam163b,LHb,up_in_suicide,Macrophages,0.006035781465470791,0.2304147465437788,-0.3431434336368115
FAM163B / Fam163b,FAM163B,Fam163b,LHb,up_in_suicide,Polydendrocytes,0.0,0.0,-0.9342250488994308
FAM163B / Fam163b,FAM163B,Fam163b,LHb,up_in_suicide,Oligodendrocytes,0.003709617769345641,0.2044336548904362,-0.5709436949180857
FAM163B / Fam163b,FAM163B,Fam163b,LHb,up_in_suicide,Diff. Oligodendrocytes,0.0038417780306190252,0.1388888888888889,-0.5580012944760067
FAM163B / Fam163b,FAM163B,Fam163b,LHb,up_in_suicide,LHb,0.0382213369011879,1.8058690744920953,2.5
FAM163B / Fam163b,FAM163B,Fam163b,LHb,up_in_suicide,MHb,0.013728379271924496,0.8641262026175017,0.41018952962839766
PPIP5K1 / Ppip5k1,PPIP5K1,Ppip5k1,LHb,up_in_suicide,Endothelial,0.07002095133066177,4.126936829558996,-0.4482048870013525
PPIP5K1 / Ppip5k1,PPIP5K1,Ppip5k1,LHb,up_in_suicide,Pericytes,0.10009699314832687,5.39759036144577,0.05132720825369825
PPIP5K1 / Ppip5k1,PPIP5K1,Ppip5k1,LHb,up_in_suicide,Fibroblasts,0.0474255234003067,2.267002518891688,-0.8234916858980507
PPIP5K1 / Ppip5k1,PPIP5K1,Ppip5k1,LHb,up_in_suicide,Astrocytes,0.13632240891456604,7.545839210155138,0.6529940748214358
PPIP5K1 / Ppip5k1,PPIP5K1,Ppip5k1,LHb,up_in_suicide,Microglia,0.041111014783382416,2.029946739021207,-0.9283691740675739
PPIP5K1 / Ppip5k1,PPIP5K1,Ppip5k1,LHb,up_in_suicide,Macrophages,0.061980102211236954,3.3410138248847905,-0.5817551138765137
PPIP5K1 / Ppip5k1,PPIP5K1,Ppip5k1,LHb,up_in_suicide,Polydendrocytes,0.03666374087333679,1.4384349827387808,-1.0022338158288242
PPIP5K1 / Ppip5k1,PPIP5K1,Ppip5k1,LHb,up_in_suicide,Oligodendrocytes,0.11320342123508453,8.86730978087292,0.26901148742777115
PPIP5K1 / Ppip5k1,PPIP5K1,Ppip5k1,LHb,up_in_suicide,Diff. Oligodendrocytes,0.06809922307729721,2.569444444444445,-0.48012281512280486
PPIP5K1 / Ppip5k1,PPIP5K1,Ppip5k1,LHb,up_in_suicide,LHb,0.2334197759628296,11.854240567558822,2.265681392501634
PPIP5K1 / Ppip5k1,PPIP5K1,Ppip5k1,LHb,up_in_suicide,MHb,0.1587301343679428,9.178828908035392,1.0251633287905808
CHST9 / Chst9,CHST9,Chst9,LHb,down_in_suicide,Endothelial,0.007598960772156715,0.31287246722288425,-0.420768366938676
CHST9 / Chst9,CHST9,Chst9,LHb,down_in_suicide,Pericytes,0.003931395709514618,0.14457831325301204,-0.5344524888358911
CHST9 / Chst9,CHST9,Chst9,LHb,down_in_suicide,Fibroblasts,0.001775824697688222,0.12594458438287154,-0.6012690806293682
CHST9 / Chst9,CHST9,Chst9,LHb,down_in_suicide,Astrocytes,0.09135285764932632,5.054066760695808,2.175365051098549
CHST9 / Chst9,CHST9,Chst9,LHb,down_in_suicide,Microglia,0.009924064390361309,0.5024620641141593,-0.34869674485674707
CHST9 / Chst9,CHST9,Chst9,LHb,down_in_suicide,Macrophages,0.0064947037026286125,0.3456221198156682,-0.4549972062786544
CHST9 / Chst9,CHST9,Chst9,LHb,down_in_suicide,Polydendrocytes,0.009115364402532578,0.3452243958573073,-0.3737641523667225
CHST9 / Chst9,CHST9,Chst9,LHb,down_in_suicide,Oligodendrocytes,0.005515114404261112,0.2810962754743497,-0.4853616980607286
CHST9 / Chst9,CHST9,Chst9,LHb,down_in_suicide,Diff. Oligodendrocytes,0.009355123154819012,0.34722222222222227,-0.366332310598326
CHST9 / Chst9,CHST9,Chst9,LHb,down_in_suicide,LHb,0.08078315109014511,3.6375362786197916,1.8477341056706529
CHST9 / Chst9,CHST9,Chst9,LHb,down_in_suicide,MHb,0.0070605650544166565,0.32907131553166413,-0.43745710820408823
NPNT / Npnt,NPNT,Npnt,Microglia,down_in_suicide,Endothelial,0.02932714857161045,1.7133492252681755,0.8259502196403044
NPNT / Npnt,NPNT,Npnt,Microglia,down_in_suicide,Pericytes,0.02459297515451908,1.5421686746987957,0.5013677562870825
NPNT / Npnt,NPNT,Npnt,Microglia,down_in_suicide,Fibroblasts,0.01858685351908207,1.3853904282115865,0.08957849892883192
NPNT / Npnt,NPNT,Npnt,Microglia,down_in_suicide,Astrocytes,0.021231485530734062,1.2223789374706147,0.27089867826695674
NPNT / Npnt,NPNT,Npnt,Microglia,down_in_suicide,Microglia,0.05072072148323059,2.954476936991263,2.292727623803656
NPNT / Npnt,NPNT,Npnt,Microglia,down_in_suicide,Macrophages,0.0,0.0,-1.1847657571199366
NPNT / Npnt,NPNT,Npnt,Microglia,down_in_suicide,Polydendrocytes,0.006669940426945686,0.23014959723820483,-0.7274640270267047
NPNT / Npnt,NPNT,Npnt,Microglia,down_in_suicide,Oligodendrocytes,0.005659274756908417,0.28748482718967583,-0.7967568737194181
NPNT / Npnt,NPNT,Npnt,Microglia,down_in_suicide,Diff. Oligodendrocytes,0.005533031653612852,0.20833333333333334,-0.8054123017823396
NPNT / Npnt,NPNT,Npnt,Microglia,down_in_suicide,LHb,0.02043152041733265,0.980328926152852,0.21605179704222977
NPNT / Npnt,NPNT,Npnt,Microglia,down_in_suicide,MHb,0.007330491207540035,0.35167926850712206,-0.6821756143206626
RPL12 / Rpl12,RPL12,Rpl12,Microglia,up_in_suicide,Endothelial,1.1774139404296875,51.66865315852566,0.48981921737525996
RPL12 / Rpl12,RPL12,Rpl12,Microglia,up_in_suicide,Pericytes,0.936488687992096,41.638554216867725,-0.09127343327663363
RPL12 / Rpl12,RPL12,Rpl12,Microglia,up_in_suicide,Fibroblasts,0.8895092010498047,36.5239294710327,-0.20458423950120572
RPL12 / Rpl12,RPL12,Rpl12,Microglia,up_in_suicide,Astrocytes,0.5870553851127625,28.114715561824127,-0.9340789181387739
RPL12 / Rpl12,RPL12,Rpl12,Microglia,up_in_suicide,Microglia,1.7921802997589111,61.923424781432125,1.9725870454042886
RPL12 / Rpl12,RPL12,Rpl12,Microglia,up_in_suicide,Macrophages,1.6436028480529785,58.98617511520753,1.6142299850074395
RPL12 / Rpl12,RPL12,Rpl12,Microglia,up_in_suicide,Polydendrocytes,0.9293717741966248,34.11967779056346,-0.10843886637270417
RPL12 / Rpl12,RPL12,Rpl12,Microglia,up_in_suicide,Oligodendrocytes,0.8814312815666199,50.59094103366208,-0.22406754229634282
RPL12 / Rpl12,RPL12,Rpl12,Microglia,up_in_suicide,Diff. Oligodendrocytes,0.7358219027519226,27.430555555555475,-0.5752658456669115
RPL12 / Rpl12,RPL12,Rpl12,Microglia,up_in_suicide,LHb,0.4959717392921448,21.483392454047028,-1.1537654667484978
RPL12 / Rpl12,RPL12,Rpl12,Microglia,up_in_suicide,MHb,0.6487974524497986,28.616644477377772,-0.7851619357859185
RGS2 / Rgs2,RGS2,Rgs2,Microglia,down_in_suicide,Endothelial,0.04872019588947296,2.994636471990463,-0.5367979457631458
RGS2 / Rgs2,RGS2,Rgs2,Microglia,down_in_suicide,Pericytes,0.055697061121463776,3.084337349397592,-0.46450498269251356
RGS2 / Rgs2,RGS2,Rgs2,Microglia,down_in_suicide,Fibroblasts,0.11719958484172821,5.541561712846344,0.17277258082881294
RGS2 / Rgs2,RGS2,Rgs2,Microglia,down_in_suicide,Astrocytes,0.07133153825998306,4.5133991537376525,-0.3025034761676263
RGS2 / Rgs2,RGS2,Rgs2,Microglia,down_in_suicide,Microglia,0.26973956823349,13.144407597226051,1.7533631497237243
RGS2 / Rgs2,RGS2,Rgs2,Microglia,down_in_suicide,Macrophages,0.3063664734363556,17.396313364055256,2.1328842408121864
RGS2 / Rgs2,RGS2,Rgs2,Microglia,down_in_suicide,Polydendrocytes,0.03632226586341858,1.4384349827387808,-0.6652629608842824
RGS2 / Rgs2,RGS2,Rgs2,Microglia,down_in_suicide,Oligodendrocytes,0.04625878855586052,3.7564684086117786,-0.5623025848171888
RGS2 / Rgs2,RGS2,Rgs2,Microglia,down_in_suicide,Diff. Oligodendrocytes,0.0217956081032753,0.8333333333333334,-0.8157854517270773
RGS2 / Rgs2,RGS2,Rgs2,Microglia,down_in_suicide,LHb,0.04766084998846054,2.4701709126088303,-0.5477746884053516
RGS2 / Rgs2,RGS2,Rgs2,Microglia,down_in_suicide,MHb,0.08468978106975555,5.471124620060548,-0.16408788090753815
ANXA3 / Anxa3,ANXA3,Anxa3,Microglia,up_in_suicide,Endothelial,0.7137089967727661,35.950536352803105,2.058356239496965
ANXA3 / Anxa3,ANXA3,Anxa3,Microglia,up_in_suicide,Pericytes,0.131452739238739,7.903614457831319,-0.15289474529099145
ANXA3 / Anxa3,ANXA3,Anxa3,Microglia,up_in_suicide,Fibroblasts,0.06898897141218185,3.400503778337532,-0.39011515526137097
ANXA3 / Anxa3,ANXA3,Anxa3,Microglia,up_in_suicide,Astrocytes,0.018630018457770348,0.8932769158439109,-0.5813647689365407
ANXA3 / Anxa3,ANXA3,Anxa3,Microglia,up_in_suicide,Microglia,0.6742313504219055,28.549894482967275,1.90843087031302
ANXA3 / Anxa3,ANXA3,Anxa3,Microglia,up_in_suicide,Macrophages,0.1689985692501068,9.792626728110587,-0.010305889416881145
ANXA3 / Anxa3,ANXA3,Anxa3,Microglia,up_in_suicide,Polydendrocytes,0.026795053854584694,1.0356731875719218,-0.5503561840936735
ANXA3 / Anxa3,ANXA3,Anxa3,Microglia,up_in_suicide,Oligodendrocytes,0.0165692288428545,0.8816201367150075,-0.589191087686163
ANXA3 / Anxa3,ANXA3,Anxa3,Microglia,up_in_suicide,Diff. Oligodendrocytes,0.03350039944052696,1.319444444444444,-0.5248911043484517
ANXA3 / Anxa3,ANXA3,Anxa3,Microglia,up_in_suicide,LHb,0.015855755656957626,0.7481457594324398,-0.5919006648946863
ANXA3 / Anxa3,ANXA3,Anxa3,Microglia,up_in_suicide,MHb,0.02010386250913143,0.9394860458690282,-0.5757675098812258
SKAP2 / Skap2,SKAP2,Skap2,Microglia,down_in_suicide,Endothelial,0.08688219636678696,5.572109654350413,-0.40235928366831586
SKAP2 / Skap2,SKAP2,Skap2,Microglia,down_in_suicide,Pericytes,0.036025453358888626,1.7349397590361453,-0.7594472840298162
SKAP2 / Skap2,SKAP2,Skap2,Microglia,down_in_suicide,Fibroblasts,0.030705921351909637,1.6372795969773295,-0.7967981038991915
SKAP2 / Skap2,SKAP2,Skap2,Microglia,down_in_suicide,Astrocytes,0.2446618229150772,13.77527033380346,0.7054822336927773
SKAP2 / Skap2,SKAP2,Skap2,Microglia,down_in_suicide,Microglia,0.35878172516822815,17.05356245603449,1.5067692467187337
SKAP2 / Skap2,SKAP2,Skap2,Microglia,down_in_suicide,Macrophages,0.4064525067806244,21.658986175115142,1.8414871833155904
SKAP2 / Skap2,SKAP2,Skap2,Microglia,down_in_suicide,Polydendrocytes,0.03664137423038483,1.495972382048332,-0.7551226273692563
SKAP2 / Skap2,SKAP2,Skap2,Microglia,down_in_suicide,Oligodendrocytes,0.2384171038866043,18.87817031878805,0.6616352608272424
SKAP2 / Skap2,SKAP2,Skap2,Microglia,down_in_suicide,Diff. Oligodendrocytes,0.08994241803884506,3.4722222222222223,-0.38087209489241564
SKAP2 / Skap2,SKAP2,Skap2,Microglia,down_in_suicide,LHb,0.03168204054236412,1.5414382457271816,-0.7899443333032306
SKAP2 / Skap2,SKAP2,Skap2,Microglia,down_in_suicide,MHb,0.02585904486477375,1.2836293300509989,-0.8308301973921179
CFH / Cfh,CFH,Cfh,Microglia,up_in_suicide,Endothelial,0.2974579632282257,14.764600715137268,-0.006990199757630319
CFH / Cfh,CFH,Cfh,Microglia,up_in_suicide,Pericytes,0.3298551142215729,16.77108433734946,0.07908981613401249
CFH / Cfh,CFH,Cfh,Microglia,up_in_suicide,Fibroblasts,1.0707058906555176,40.302267002518796,2.04754829638327
CFH / Cfh,CFH,Cfh,Microglia,up_in_suicide,Astrocytes,0.02456115558743477,1.081335213916313,-0.7320836360082994
CFH / Cfh,CFH,Cfh,Microglia,up_in_suicide,Microglia,0.811150848865509,32.91126519947849,1.3579042555653584
CFH / Cfh,CFH,Cfh,Microglia,up_in_suicide,Macrophages,0.6329177618026733,28.110599078340996,0.8843346206941922
CFH / Cfh,CFH,Cfh,Microglia,up_in_suicide,Polydendrocytes,0.04580804333090782,1.7261219792865368,-0.6756301399900326
CFH / Cfh,CFH,Cfh,Microglia,up_in_suicide,Oligodendrocytes,0.018227269873023033,0.9710598607295726,-0.7489129239621807
CFH / Cfh,CFH,Cfh,Microglia,up_in_suicide,Diff. Oligodendrocytes,0.032847024500370026,1.2499999999999996,-0.710067881356046
CFH / Cfh,CFH,Cfh,Microglia,up_in_suicide,LHb,0.01847686991095543,0.8706868752015463,-0.7482497306080432
CFH / Cfh,CFH,Cfh,Microglia,up_in_suicide,MHb,0.018968869000673294,0.8817101660428579,-0.7469424770946005
TBX18 / Tbx18,TBX18,Tbx18,Fibroblasts,up_in_suicide,Endothelial,0.010579043999314308,0.5959475566150175,-0.35493449367286467
TBX18 / Tbx18,TBX18,Tbx18,Fibroblasts,up_in_suicide,Pericytes,0.17725390195846558,10.409638554216881,0.7671083072897296
TBX18 / Tbx18,TBX18,Tbx18,Fibroblasts,up_in_suicide,Fibroblasts,0.48267969489097595,21.032745591939612,2.5
TBX18 / Tbx18,TBX18,Tbx18,Fibroblasts,up_in_suicide,Astrocytes,0.0011221017921343446,0.04701457451810061,-0.4185979282940968
TBX18 / Tbx18,TBX18,Tbx18,Fibroblasts,up_in_suicide,Microglia,0.0024170405231416225,0.10049241282283188,-0.4098804966514045
TBX18 / Tbx18,TBX18,Tbx18,Fibroblasts,up_in_suicide,Macrophages,0.01430166233330965,0.5760368663594471,-0.3298741027204721
TBX18 / Tbx18,TBX18,Tbx18,Fibroblasts,up_in_suicide,Polydendrocytes,0.0,0.0,-0.42615183446343724
TBX18 / Tbx18,TBX18,Tbx18,Fibroblasts,up_in_suicide,Oligodendrocytes,0.00146005570422858,0.08305117229923976,-0.4163228475844711
TBX18 / Tbx18,TBX18,Tbx18,Fibroblasts,up_in_suicide,Diff. Oligodendrocytes,0.0018404669826850295,0.06944444444444445,-0.4137619470286017
TBX18 / Tbx18,TBX18,Tbx18,Fibroblasts,up_in_suicide,LHb,0.0019508538534864783,0.08384392131570463,-0.4130188307888752
TBX18 / Tbx18,TBX18,Tbx18,Fibroblasts,up_in_suicide,MHb,0.0027293646708130836,0.12559973875254338,-0.407777953617905
EDN3 / Edn3,EDN3,Edn3,Fibroblasts,up_in_suicide,Endothelial,0.12089759111404419,7.598331346841474,0.4186236538193882
EDN3 / Edn3,EDN3,Edn3,Fibroblasts,up_in_suicide,Pericytes,0.005896463990211487,0.24096385542168672,-0.36197652765219096
EDN3 / Edn3,EDN3,Edn3,Fibroblasts,up_in_suicide,Fibroblasts,0.4904334247112274,20.403022670025248,2.5
EDN3 / Edn3,EDN3,Edn3,Fibroblasts,up_in_suicide,Astrocytes,0.00022566158440895379,0.023507287259050304,-0.40046857984131734
EDN3 / Edn3,EDN3,Edn3,Fibroblasts,up_in_suicide,Microglia,0.001315062865614891,0.06029544769369913,-0.39307398416149386
EDN3 / Edn3,EDN3,Edn3,Fibroblasts,up_in_suicide,Macrophages,0.020400691777467728,0.8064516129032258,-0.263525293946926
EDN3 / Edn3,EDN3,Edn3,Fibroblasts,up_in_suicide,Polydendrocytes,0.0029946863651275635,0.11507479861910241,-0.3816731010456987
EDN3 / Edn3,EDN3,Edn3,Fibroblasts,up_in_suicide,Oligodendrocytes,0.0022423057816922665,0.12777103430652267,-0.3867800807306271
EDN3 / Edn3,EDN3,Edn3,Fibroblasts,up_in_suicide,Diff. Oligodendrocytes,0.002070810878649354,0.06944444444444445,-0.3879441471687986
EDN3 / Edn3,EDN3,Edn3,Fibroblasts,up_in_suicide,LHb,0.0016035467851907015,0.07094485649790391,-0.3911158242233741
EDN3 / Edn3,EDN3,Edn3,Fibroblasts,up_in_suicide,MHb,0.0033869161270558834,0.16327966037830627,-0.37901073911067074
MATN2 / Matn2,MATN2,Matn2,Fibroblasts,down_in_suicide,Endothelial,0.008586780168116093,0.43206197854588774,-0.5112195082095202
MATN2 / Matn2,MATN2,Matn2,Fibroblasts,down_in_suicide,Pericytes,0.014453134499490261,0.8192771084337351,-0.3897795642972808
MATN2 / Matn2,MATN2,Matn2,Fibroblasts,down_in_suicide,Fibroblasts,0.17022940516471863,9.068010075566741,2.5
MATN2 / Matn2,MATN2,Matn2,Fibroblasts,down_in_suicide,Astrocytes,0.009819824248552322,0.5876821814762574,-0.48569414858903875
MATN2 / Matn2,MATN2,Matn2,Fibroblasts,down_in_suicide,Microglia,0.004514145664870739,0.20098482564566375,-0.5955274919608723
MATN2 / Matn2,MATN2,Matn2,Fibroblasts,down_in_suicide,Macrophages,0.01550463680177927,0.8064516129032258,-0.3680123178269067
MATN2 / Matn2,MATN2,Matn2,Fibroblasts,down_in_suicide,Polydendrocytes,0.014376242645084858,0.5753739930955121,-0.39137130969124045
MATN2 / Matn2,MATN2,Matn2,Fibroblasts,down_in_suicide,Oligodendrocytes,0.061351027339696884,5.50693157861122,0.5810580555269577
MATN2 / Matn2,MATN2,Matn2,Fibroblasts,down_in_suicide,Diff. Oligodendrocytes,0.038072846829891205,1.4583333333333326,0.09917428652734486
MATN2 / Matn2,MATN2,Matn2,Fibroblasts,down_in_suicide,LHb,0.019877221435308456,1.0319251854240548,-0.27749503866983294
MATN2 / Matn2,MATN2,Matn2,Fibroblasts,down_in_suicide,MHb,0.009317520074546337,0.5777587982617014,-0.496092393780594
PMAIP1 / Pmaip1,PMAIP1,Pmaip1,Macrophages,up_in_suicide,Endothelial,0.07145889103412628,4.558998808104884,0.7839714335592972
PMAIP1 / Pmaip1,PMAIP1,Pmaip1,Macrophages,up_in_suicide,Pericytes,0.0007205760339275002,0.048192771084337345,-0.5461536182165597
PMAIP1 / Pmaip1,PMAIP1,Pmaip1,Macrophages,up_in_suicide,Fibroblasts,0.003316523041576147,0.12594458438287154,-0.497340833406145
PMAIP1 / Pmaip1,PMAIP1,Pmaip1,Macrophages,up_in_suicide,Astrocytes,0.002349124290049076,0.09402914903620122,-0.5155312767954062
PMAIP1 / Pmaip1,PMAIP1,Pmaip1,Macrophages,up_in_suicide,Microglia,0.06906435638666153,4.391518440357762,0.7389458979364995
PMAIP1 / Pmaip1,PMAIP1,Pmaip1,Macrophages,up_in_suicide,Macrophages,0.1676080822944641,10.368663594470032,2.5
PMAIP1 / Pmaip1,PMAIP1,Pmaip1,Macrophages,up_in_suicide,Polydendrocytes,0.001459712628275156,0.05753739930955121,-0.5322552930893165
PMAIP1 / Pmaip1,PMAIP1,Pmaip1,Macrophages,up_in_suicide,Oligodendrocytes,0.0021963308099657297,0.12138248259119654,-0.5184043228328514
PMAIP1 / Pmaip1,PMAIP1,Pmaip1,Macrophages,up_in_suicide,Diff. Oligodendrocytes,0.005364770535379648,0.20833333333333334,-0.4588266943043372
PMAIP1 / Pmaip1,PMAIP1,Pmaip1,Macrophages,up_in_suicide,LHb,0.0018626077799126506,0.10964205095130607,-0.5246794703625445
PMAIP1 / Pmaip1,PMAIP1,Pmaip1,Macrophages,up_in_suicide,MHb,0.002024534158408642,0.09294380667688218,-0.5216346942383147
CD38 / Cd38,CD38,Cd38,Macrophages,down_in_suicide,Endothelial,0.04591662809252739,3.218116805721095,0.07430156137449483
CD38 / Cd38,CD38,Cd38,Macrophages,down_in_suicide,Pericytes,0.0014938616659492254,0.09638554216867469,-0.537658851833229
CD38 / Cd38,CD38,Cd38,Macrophages,down_in_suicide,Fibroblasts,0.055197399109601974,3.5264483627204033,0.20215187155007192
CD38 / Cd38,CD38,Cd38,Macrophages,down_in_suicide,Astrocytes,0.07159783691167831,4.066760695815697,0.4280814905605039
CD38 / Cd38,CD38,Cd38,Macrophages,down_in_suicide,Microglia,0.004400123376399279,0.18088634308109738,-0.49762268884107663
CD38 / Cd38,CD38,Cd38,Macrophages,down_in_suicide,Macrophages,0.24568243324756622,12.7880184331797,2.5
CD38 / Cd38,CD38,Cd38,Macrophages,down_in_suicide,Polydendrocytes,0.0045197391882538795,0.17261219792865362,-0.4959748819272568
CD38 / Cd38,CD38,Cd38,Macrophages,down_in_suicide,Oligodendrocytes,0.003328738734126091,0.1852679997444578,-0.5123818999648043
CD38 / Cd38,CD38,Cd38,Macrophages,down_in_suicide,Diff. Oligodendrocytes,0.005530111491680145,0.20833333333333334,-0.48205616632181797
CD38 / Cd38,CD38,Cd38,Macrophages,down_in_suicide,LHb,0.0038283129688352346,0.18058690744921002,-0.5054998509684674
CD38 / Cd38,CD38,Cd38,Macrophages,down_in_suicide,MHb,0.004257922526448965,0.185887613353764,-0.4995816233670907
CCND1 / Ccnd1,CCND1,Ccnd1,Polydendrocytes,up_in_suicide,Endothelial,0.15644147992134094,8.87961859356376,-0.02181414979227968
CCND1 / Ccnd1,CCND1,Ccnd1,Polydendrocytes,up_in_suicide,Pericytes,0.10683684051036835,5.4457831325301065,-0.22578543483916322
CCND1 / Ccnd1,CCND1,Ccnd1,Polydendrocytes,up_in_suicide,Fibroblasts,0.04468325525522232,2.0151133501259446,-0.4813572282299016
CCND1 / Ccnd1,CCND1,Ccnd1,Polydendrocytes,up_in_suicide,Astrocytes,0.028315344825387,1.4104372355430168,-0.5486610885854978
CCND1 / Ccnd1,CCND1,Ccnd1,Polydendrocytes,up_in_suicide,Microglia,0.22321559488773346,10.561752587679356,0.2527569830552391
CCND1 / Ccnd1,CCND1,Ccnd1,Polydendrocytes,up_in_suicide,Macrophages,0.2583504915237427,13.70967741935481,0.39722955864362214
CCND1 / Ccnd1,CCND1,Ccnd1,Polydendrocytes,up_in_suicide,Polydendrocytes,0.8489866852760315,30.034522439585515,2.5
CCND1 / Ccnd1,CCND1,Ccnd1,Polydendrocytes,up_in_suicide,Oligodendrocytes,0.02615828812122345,1.6674119977001158,-0.5575307756367841
CCND1 / Ccnd1,CCND1,Ccnd1,Polydendrocytes,up_in_suicide,Diff. Oligodendrocytes,0.02802673913538456,1.1111111111111107,-0.5498478177737482
CCND1 / Ccnd1,CCND1,Ccnd1,Polydendrocytes,up_in_suicide,LHb,0.026134872809052467,1.302805546597869,-0.5576270579879916
CCND1 / Ccnd1,CCND1,Ccnd1,Polydendrocytes,up_in_suicide,MHb,0.03206251561641693,1.5247808284558835,-0.5332529483265958
