probe_set_id,human_gene,gene_accession,control_mean,suicide_mean,ratio_s_to_c,p_value,log2_ratio_s_to_c,direction,human_gene_original,human_gene_upper,mouse_gene,mouse_gene_upper,primary_enriched_celltype,all_enriched_celltypes,primary_celltype_logFC,primary_celltype_marker_fdr,avg_expr_Astrocytes,avg_expr_Diff. Oligodendrocytes,avg_expr_Endothelial,avg_expr_Fibroblasts,avg_expr_LHb,avg_expr_MHb,avg_expr_Macrophages,avg_expr_Microglia,avg_expr_Oligodendrocytes,avg_expr_Pericytes,avg_expr_Polydendrocytes,pct_expr_Astrocytes,pct_expr_Diff. Oligodendrocytes,pct_expr_Endothelial,pct_expr_Fibroblasts,pct_expr_LHb,pct_expr_MHb,pct_expr_Macrophages,pct_expr_Microglia,pct_expr_Oligodendrocytes,pct_expr_Pericytes,pct_expr_Polydendrocytes
16930262,TAB1,NM_153497 ,138.34146276807252,166.01133557990886,1.2000114228821224,0.004094816478755797,0.26304813888125655,up_in_suicide,TAB1,TAB1,Tab1,TAB1,Astrocytes,Astrocytes;Oligodendrocytes,1.0175741910934448,0.027792498248007783,0.0897576,0.04079772,0.031818163,0.0411805,0.04604556,0.0436641,0.023740582,0.02544075,0.06617078,0.08303881,0.027545417,0.054066760695815626,0.015972222222222214,0.018474374255065543,0.023929471032745595,0.024701709126088302,0.027179783466049722,0.017281105990783408,0.013666968143905153,0.05653868268063728,0.046746987951807144,0.010932105868814731
16989001,SLC22A4,NM_003059 ,150.18774963123178,98.57230765280153,0.6563272163997007,0.009076019353998797,-0.6075128352576277,down_in_suicide,SLC22A4,SLC22A4,Slc22a4,SLC22A4,Astrocytes,Astrocytes,4.282654285430908,9.076530021574652e-65,0.29420948,0.0073902486,0.0113771465,0.07761105,0.038711704,0.015234582,0.0115589835,0.0102211395,0.008067954,0.01282651,0.015675457,0.1647860836859424,0.002777777777777778,0.005512514898688912,0.036523929471032744,0.020574008384392085,0.007184305056645507,0.004608294930875576,0.0044216661642046,0.005174726889414172,0.006265060240963856,0.006904487917146144
16928716,KREMEN1,NM_032045 ,203.8835450314902,167.80482897235373,0.8230425311980716,0.02416339479110616,-0.2809611102148009,down_in_suicide,KREMEN1,KREMEN1,Kremen1,KREMEN1,Astrocytes,Astrocytes;MHb,1.0429314374923706,0.024443538323009627,0.09391867,0.019796059,0.059532996,0.089301534,0.03209437,0.058622483,0.017564885,0.02414066,0.041012105,0.07204845,0.021033533,0.054066760695815626,0.0076388888888888895,0.03784266984505361,0.0516372795969773,0.016510802966784872,0.036047125021978724,0.012672811059907835,0.011858104713094175,0.033220468919695816,0.03855421686746985,0.00863060989643268
16801302,PRTG,AY630258 ,25.951078977603252,21.494859303716385,0.8282838383046518,0.02833142174983492,-0.27180285621632877,down_in_suicide,PRTG,PRTG,Prtg,PRTG,Astrocytes,Astrocytes;Oligodendrocytes,2.190035581588745,8.430051461364136e-05,0.10250285,0.016090386,0.0070132753,0.04026047,0.03195545,0.011533536,0.00966723,0.005296627,0.06556397,0.016972624,0.017829647,0.05453690644099663,0.00625,0.0035756853396901054,0.021410579345088162,0.016510802966784872,0.006405586676379734,0.004608294930875576,0.002512310320570796,0.052130581997062046,0.008674698795180725,0.006904487917146144
16737056,PAX6,NM_001258462 ,102.5252526371406,74.5475158153989,0.7271137002630848,0.031401127877590515,-0.4597471159147048,down_in_suicide,PAX6,PAX6,Pax6,PAX6,Astrocytes,Astrocytes,4.763535022735596,1.9378694091740894e-55,0.2555584,0.0052873264,0.007036207,0.0052382303,0.009715115,0.012932014,0.010319735,0.007426727,0.008845087,0.013450043,0.019833539,0.14974141984015024,0.0020833333333333333,0.0035756853396901054,0.0025188916876574307,0.004772653982586256,0.006983345474641437,0.00576036866359447,0.003416742035976281,0.005558039992333742,0.00674698795180723,0.0074798619102416555
16876822,ID2,ENST00000234091 ,198.6597726538916,158.20855461195782,0.7963794204455846,0.036855409635946974,-0.32847215459829787,down_in_suicide,ID2,ID2,Id2,ID2,Astrocytes,Astrocytes;Polydendrocytes;Endothelial;Macrophages;Microglia,3.3820693492889404,2.118294944284714e-205,0.78684294,0.09784217,0.24851266,0.19346267,0.08143455,0.08410665,0.256152,0.16217083,0.077514954,0.095027834,0.25965932,0.3272214386459798,0.038194444444444434,0.14541120381406616,0.09697732997481098,0.03760077394388898,0.037579441834759655,0.138248847926267,0.07938900613003619,0.049894588896697796,0.04481927710843366,0.1006904487917147
16774130,FREM2,NM_207361 ,111.67476517344778,81.1131529167608,0.7263337674431624,0.03984029136679177,-0.46129544200770756,down_in_suicide,FREM2,FREM2,Frem2,FREM2,Astrocytes,Astrocytes,4.684472560882568,1.9942228488686956e-19,0.16361314,0.0055157794,0.023854151,0.012360179,0.0060109654,0.005863309,0.006096182,0.0039456994,0.004940805,0.009369077,0.0031783371,0.08791725434884802,0.0020833333333333333,0.016388557806912982,0.005037783375314861,0.0027732989358271514,0.0027129543570549386,0.002304147465437788,0.0018088634308109739,0.002747077237590236,0.0048192771084337345,0.0011507479861910242
16707120,STAMBPL1,NM_020799 ,267.9471578062368,222.93059885824692,0.831994639105136,0.04265576810771863,-0.26535386238800457,down_in_suicide,STAMBPL1,STAMBPL1,Stambpl1,STAMBPL1,Astrocytes,Astrocytes;MHb,1.0938807725906372,5.247161888202394e-06,0.16222909,0.019531045,0.030719895,0.065815896,0.08677567,0.11349956,0.08592449,0.07294885,0.018882139,0.041422226,0.094355084,0.09261871180065807,0.008333333333333333,0.016388557806912982,0.040302267002518884,0.04701709126088347,0.07312416790172717,0.054147465437788034,0.04250829062405797,0.010541110330288117,0.021686746987951817,0.03624856156501728
17106822,OCRL,NM_000276 ,597.3688756625545,489.31868950718285,0.8191231740429548,0.04611907351312628,-0.2878476842671974,down_in_suicide,OCRL,OCRL,Ocrl,OCRL,Astrocytes,Astrocytes;LHb;MHb,1.3064651489257812,2.4270833298559114e-19,0.30658057,0.05341592,0.091997884,0.14382422,0.20544297,0.16035663,0.0854292,0.049686797,0.10044958,0.098490976,0.047995947,0.16173013634226588,0.020833333333333332,0.05318831942789031,0.06675062972292187,0.10525636891325353,0.0959582004069381,0.056451612903225826,0.024218671490302525,0.07519325368939045,0.05734939759036129,0.01956271576524742
16676693,PFKFB2,NM_006212 ,455.0753927906173,377.34646861418497,0.8291955016513147,0.0461313413303138,-0.27021580497518144,down_in_suicide,PFKFB2,PFKFB2,Pfkfb2,PFKFB2,Astrocytes,Astrocytes,1.3937633037567139,0.019446388418014892,0.07954717,0.011711349,0.014579919,0.01725978,0.04144967,0.039732944,0.014670056,0.009461085,0.027360527,0.01828531,0.00414576,0.04372355430183351,0.004861111111111111,0.008492252681764,0.007556675062972291,0.020896485004837102,0.022356753497952363,0.00576036866359447,0.004622650989850264,0.02082667859196311,0.008674698795180725,0.0017261219792865361
16914972,DOK5,NM_018431 ,255.6555861446695,200.57770311450128,0.7845621765565453,0.046393083435186375,-0.35004030957383775,down_in_suicide,DOK5,DOK5,Dok5,DOK5,Astrocytes,Astrocytes;LHb;MHb,1.336044192314148,0.01588405480223926,0.07987797,0.010235974,0.008113961,0.0043993886,0.06130211,0.043714434,0.007277892,0.0088941725,0.00895195,0.013882021,0.02116195,0.04560413728255753,0.004166666666666667,0.004171632896305123,0.0025188916876574307,0.03366655917445977,0.02753146273455682,0.003456221198156682,0.0036177268616219443,0.00511084137226091,0.006265060240963856,0.008055235903337168
17000928,ARAP3,NM_022481 ,67.929140385149,85.51870181949167,1.2589398501822966,4.914287507169378e-07,0.3322093554026638,up_in_suicide,ARAP3,ARAP3,Arap3,ARAP3,Endothelial,Endothelial;Microglia,4.79220724105835,3.0670718953655803e-92,0.002752744,0.0035996358,0.2503474,0.011467533,0.0024925268,0.0033356175,0.06445133,0.06232682,0.0021611417,0.013475629,0.0030202265,0.0016455101081335214,0.001388888888888889,0.15584028605482994,0.006297229219143576,0.0014833924540470823,0.0015323168127810282,0.0357142857142857,0.037584162395739196,0.0012777103430652267,0.00674698795180723,0.0011507479861910242
16802497,PAQR5,NM_017705 ,84.67737718193972,117.68308238040598,1.3897818555190893,0.00010314265175399872,0.47485845082006845,up_in_suicide,PAQR5,PAQR5,Paqr5,PAQR5,Endothelial,Endothelial,5.715935707092285,2.9409103142496677e-264,0.016311558,0.009309623,0.47253272,0.00817269,0.008123946,0.013799185,0.018523037,0.009682999,0.009490354,0.009971216,0.0034525124,0.009637987776210617,0.0034722222222222225,0.260578069129929,0.005037783375314861,0.003934214769429212,0.00753598432515263,0.01152073732718894,0.0041201889257361035,0.0052386124065674335,0.0048192771084337345,0.0017261219792865361
16949792,FAM43A,NM_153690 ,142.17798504504825,191.85494961040223,1.3493998353515433,0.0011608652554081103,0.43231789091756384,up_in_suicide,FAM43A,FAM43A,Fam43a,FAM43A,Endothelial,Endothelial,3.4419772624969482,1.94114714538948e-20,0.029841632,0.008272241,0.11424405,0.10746,0.006995022,0.0051926845,0.093869,0.015456379,0.011676851,0.015599973,0.017289348,0.02021626704278324,0.0034722222222222225,0.076430274135876,0.06171284634760701,0.004192196065785226,0.0028887939913085003,0.05760368663594472,0.009948748869460365,0.009455056538682683,0.008192771084337351,0.006904487917146144
16847760,ICAM2,NM_001099786 ,199.20627837917377,274.44771028625587,1.3777061271325288,0.0018114971319641176,0.4622681854711752,up_in_suicide,ICAM2,ICAM2,Icam2,ICAM2,Endothelial,Endothelial,6.744148254394531,1.99120967664391e-274,0.003366948,0.005273496,0.46512815,0.0025252977,0.0016496239,0.0062835678,0.023607321,0.0060656685,0.0058439462,0.014519026,0.003013668,0.0016455101081335214,0.0020833333333333333,0.26206793802146666,0.0012594458438287153,0.0008384392131570463,0.0028636740435579915,0.014976958525345623,0.0026128027333936275,0.002747077237590236,0.006265060240963856,0.0011507479861910242
16819794,CDH5,NM_001795 ,124.84792403802275,186.44394153962597,1.4933683757756675,0.0034554338687655486,0.5785700853326735,up_in_suicide,CDH5,CDH5,Cdh5,CDH5,Endothelial,Endothelial,6.718066215515137,0.0,0.0076210126,0.015048258,0.7489966,0.11903893,0.0062363995,0.009311374,0.03534873,0.012515598,0.00841732,0.024854852,0.008931824,0.0035260930888575464,0.00625,0.36948748510133356,0.06675062972292187,0.0026443082876491447,0.004345750960838011,0.017281105990783408,0.005326097879610089,0.004280329649268508,0.01060240963855422,0.0034522439585730727
16777715,FLT1,NM_002019 ,165.33592734024396,259.1987206029165,1.5677096005244693,0.0036218010973978346,0.6486583421799702,up_in_suicide,FLT1,FLT1,Flt1,FLT1,Endothelial,Endothelial,7.541888236999512,0.0,0.035765573,0.098317415,2.7395852,0.103231944,0.039432578,0.088501275,0.18703757,0.060613338,0.07115673,0.18546921,0.06722426,0.015279736718382682,0.038194444444444434,0.8139153754470242,0.045340050377833736,0.01722025153176391,0.038433520058276896,0.0737327188940092,0.024218671490302525,0.03341212547115561,0.08433734939759034,0.025891829689298058
16830778,TMEM88,NM_203411 ,161.39422235563833,211.5750741810954,1.3109209926665262,0.003881350623342296,0.3905807390128037,up_in_suicide,TMEM88,TMEM88,Tmem88,TMEM88,Endothelial,Endothelial;Microglia,3.850040912628174,6.490552267384553e-16,0.002717875,0.0015684213,0.09635582,0.0028909529,0.0024528992,0.0023211807,0.032357622,0.04039122,0.00307547,0.0064902822,0.0031663184,0.0018805829807240246,0.0006944444444444445,0.06585220500595944,0.0012594458438287153,0.0014188971299580787,0.0015574367605315368,0.028801843317972333,0.02874083006732997,0.003002619306203281,0.004337349397590361,0.0011507479861910242
16954796,SEMA3G,NM_020163 ,107.81350342165796,136.35018002682233,1.2646855514337343,0.004476660430359108,0.338778721061743,up_in_suicide,SEMA3G,SEMA3G,Sema3g,SEMA3G,Endothelial,Endothelial,5.903526782989502,4.436749476707486e-19,0.0011840427,0.0035373708,0.11561816,0.0030502176,0.0030513601,0.0024386696,0.002511108,0.00080853445,0.0011237583,0.0004771515,0.0015015318,0.0004701457451810061,0.001388888888888889,0.067938021454112,0.0012594458438287153,0.0013544018058690751,0.0012057574920244164,0.001152073732718894,0.00030147723846849563,0.0006388551715326135,0.00048192771084337347,0.0005753739930955121
16976029,KDR,NM_002253 ,152.71338022708173,198.94595467329455,1.3027408232171007,0.005205812499121254,0.3815500921551382,up_in_suicide,KDR,KDR,Kdr,KDR,Endothelial,Endothelial,5.781604766845703,0.0,0.010419284,0.022631925,0.6658544,0.019179463,0.0053570103,0.012342186,0.03701727,0.014904367,0.042588152,0.020135218,0.008645583,0.005171603196991066,0.009027777777777777,0.33194278903458396,0.008816120906801006,0.002386326991293131,0.005626868296113961,0.020737327188940086,0.0077379157873580596,0.03571200408867312,0.009156626506024099,0.0034522439585730727
16887194,NOSTRIN,NM_001171631 ,56.54535365081724,78.46175100970855,1.3875897123967238,0.005526113075112828,0.4725810496218796,up_in_suicide,NOSTRIN,NOSTRIN,Nostrin,NOSTRIN,Endothelial,Endothelial,6.543402671813965,0.0,0.006528218,0.021874232,0.8452625,0.014300216,0.0061605955,0.015448728,0.07369114,0.012743921,0.01194473,0.06290786,0.0074819103,0.00305594734367654,0.008333333333333333,0.39019666269370734,0.007556675062972291,0.002837794259916155,0.007083825265643472,0.04032258064516128,0.005426590292432921,0.005813582060946789,0.034698795180722886,0.0028768699654775605
16908037,FN1,ENST00000354785 ,408.3702069456388,576.8172073485854,1.4124860176819165,0.006846267413925142,0.49823658623876194,up_in_suicide,FN1,FN1,Fn1,FN1,Endothelial,Endothelial,6.356180191040039,0.0,0.005670534,0.0151946815,0.63311124,0.049267825,0.007990854,0.011713303,0.05725166,0.008364732,0.0067335074,0.03321227,0.0029943595,0.00305594734367654,0.005555555555555556,0.31749106078666844,0.016372795969773295,0.0038052241212512055,0.005501268557361417,0.02764976958525344,0.0036177268616219443,0.0037053599948891546,0.015903614457831332,0.0011507479861910242
16745693,ESAM,NM_138961 ,222.5011476474158,294.0748683329751,1.3216779843265252,0.007155358918898768,0.402370719201926,up_in_suicide,ESAM,ESAM,Esam,ESAM,Endothelial,Endothelial;Pericytes,4.71162223815918,0.0,0.009216639,0.01706623,0.7851167,0.02546559,0.017111048,0.055102076,0.037246346,0.01491912,0.017662585,0.51100844,0.022152085,0.004466384579219558,0.006944444444444445,0.38081048867701994,0.011335012594458436,0.008126410835214433,0.030771935994372234,0.016129032258064516,0.006029544769369914,0.009710598607295727,0.2597590361445796,0.00863060989643268
16830284,BCL6B,ENST00000293805 ,73.89725606505124,95.67607733860861,1.2947175907909978,0.007488306414469006,0.37263744555869793,up_in_suicide,BCL6B,BCL6B,Bcl6b,BCL6B,Endothelial,Endothelial,5.714136123657227,1.5282533098272739e-32,0.0,0.005122691,0.13909972,0.0,0.0023548838,0.0028465204,0.009212581,0.0040784786,0.0026214346,0.0024394814,0.005486589,0.0,0.0020833333333333333,0.08969010727056013,0.0,0.0010964205095130607,0.0013062372830264508,0.004608294930875576,0.0020098482564566375,0.0014693668945250104,0.0014457831325301205,0.0023014959723820483
16814738,TMEM204,NM_024600 ,160.22662302227826,217.17668153919848,1.3554344305752593,0.008672058650534234,0.438755324188581,up_in_suicide,TMEM204,TMEM204,Tmem204,TMEM204,Endothelial,Endothelial;Pericytes;Fibroblasts,4.9869160652160645,7.414935083279076e-178,0.009106033,0.0,0.36430603,0.15556283,0.0045526847,0.008334599,0.012616643,0.024570497,0.005956625,0.16560209,0.006103244,0.0056417489421720715,0.0,0.21662693682956738,0.08186397984886642,0.0024508223153821345,0.0049988696023512405,0.0069124423963133645,0.01447090744648781,0.0036414744777358934,0.09638554216867477,0.0023014959723820483
16767422,PTPRB,NM_001109754 ,135.37330261594585,188.47982039275877,1.3922968321713785,0.008836268268948507,0.4774668208482968,up_in_suicide,PTPRB,PTPRB,Ptprb,PTPRB,Endothelial,Endothelial,6.31127405166626,0.0,0.016957493,0.045334734,1.3342108,0.015977014,0.022566035,0.04550649,0.071972646,0.021744838,0.027260618,0.054233517,0.033367466,0.007992477668077098,0.017361111111111105,0.5353098927294776,0.006297229219143576,0.011544663011931612,0.02409002989273735,0.03225806451612901,0.008943824741232044,0.014949211013863114,0.023614457831325313,0.013233601841196782
16985704,OCLN,NM_002538 ,67.61826434088094,86.87495572281911,1.2847853545139856,0.009181106115754704,0.3615273525363035,up_in_suicide,OCLN,OCLN,Ocln,OCLN,Endothelial,Endothelial,5.359622001647949,0.0,0.046043623,0.016877865,0.5390219,0.033708908,0.015530375,0.01671495,0.022522079,0.015586989,0.012037185,0.017928338,0.020084124,0.029619181946403346,0.00625,0.293355184743758,0.016372795969773295,0.007545952918413402,0.007862543645909244,0.01152073732718894,0.007335946136066731,0.006196895163866359,0.008674698795180725,0.0074798619102416555
17098594,ENG,NM_001114753 ,171.00398690724862,229.28579322225792,1.3408213303624374,0.011233067696755188,0.42311700534570384,up_in_suicide,ENG,ENG,Eng,ENG,Endothelial,Endothelial;Pericytes,5.660961627960205,0.0,0.008424254,0.016601576,0.8207593,0.12688664,0.010442634,0.015922494,0.043927904,0.06260888,0.0125705665,0.2152252,0.015008308,0.003996238834038553,0.00625,0.3909415971394762,0.07682619647355157,0.00503063527894227,0.007862543645909244,0.024193548387096763,0.0372826851572707,0.006771864818245714,0.11759036144578337,0.00575373993095512
16911026,HSPA12B,NM_052970 ,92.98293570471623,113.28254289577032,1.218315404188991,0.01154674769287962,0.2848876744212971,up_in_suicide,HSPA12B,HSPA12B,Hspa12b,HSPA12B,Endothelial,Endothelial,5.226019859313965,5.862134048757279e-153,0.007265412,0.003719531,0.34170464,0.022152435,0.010250657,0.014864567,0.013099678,0.0068565,0.0059879846,0.006773115,0.0028236234,0.0037611659614480496,0.001388888888888889,0.19979141835519157,0.011335012594458436,0.005740083843921307,0.009520460197442826,0.0069124423963133645,0.0032157572103306176,0.003258161374816326,0.0038554216867469873,0.0011507479861910242
16745718,ROBO4,ENST00000306534 ,91.43746758609325,112.14039229712652,1.2264162083397636,0.01192738738772118,0.2944486689202199,up_in_suicide,ROBO4,ROBO4,Robo4,ROBO4,Endothelial,Endothelial,5.978300094604492,7.890523142213032e-68,0.0015052345,0.0,0.20241177,0.0010860923,0.001822391,0.005709645,0.006511662,0.0017159026,0.0015159803,0.0038345775,0.0056908093,0.0009402914903620122,0.0,0.13036352800953557,0.0012594458438287153,0.0009029345372460499,0.003340953050817659,0.002304147465437788,0.0006029544769369913,0.0010221682744521816,0.0014457831325301205,0.0023014959723820483
16860946,LSR,NM_205834 ,125.42841284389976,155.46800158195992,1.239495884998924,0.01224866782613272,0.3097534818308471,up_in_suicide,LSR,LSR,Lsr,LSR,Endothelial,Endothelial,6.397278785705566,6.736227323042936e-266,0.0058536804,0.01039613,0.4575257,0.037205998,0.004185863,0.0064390833,0.045279644,0.006704809,0.0070963916,0.010595981,0.0011058429,0.00305594734367654,0.004166666666666667,0.25893921334923753,0.01889168765743073,0.0021283456949371176,0.00331583310306715,0.026497695852534548,0.003416742035976281,0.004024787580655461,0.005783132530120482,0.0005753739930955121
16925602,ERG,NM_001243428 ,84.72222964394798,101.90810936426628,1.2028497100766036,0.012583598542221406,0.2664563964025607,up_in_suicide,ERG,ERG,Erg,ERG,Endothelial,Endothelial,6.982048034667969,4.4620679428423315e-275,0.001209002,0.008602516,0.485765,0.0035669105,0.0026298666,0.005365027,0.021451754,0.0042604916,0.005348675,0.009814363,0.008420978,0.0004701457451810061,0.0034722222222222225,0.26206793802146666,0.0025188916876574307,0.0012899064817800715,0.0024617548795498505,0.009216589861751152,0.0018088634308109739,0.0028748482718967583,0.0048192771084337345,0.0034522439585730727
16921428,SOX18,NM_018419 ,83.12294568819009,112.49479529704908,1.353354291834632,0.013655387281330674,0.43653956892458506,up_in_suicide,SOX18,SOX18,Sox18,SOX18,Endothelial,Endothelial,7.126787185668945,1.2680699539605979e-250,0.002772599,0.0053143483,0.4652521,0.0033195477,0.0017142972,0.0049278094,0.011759124,0.003128969,0.004898438,0.008087083,0.005688216,0.0014104372355430183,0.0020833333333333333,0.2498510131108577,0.0012594458438287153,0.0007739438890680427,0.0023361551407973065,0.00576036866359447,0.0013064013666968144,0.0024915351689771908,0.003373493975903614,0.0023014959723820483
16791319,ADCY4,NM_001198568 ,81.55226713461332,99.43870174689167,1.219324799183747,0.015707874884787004,0.2860824768654405,up_in_suicide,ADCY4,ADCY4,Adcy4,ADCY4,Endothelial,Endothelial,6.324938774108887,7.1357400965737435e-50,0.0011894656,0.003817543,0.16893214,0.015808957,0.0008717681,0.0019046569,0.0047224127,0.0022894414,0.0015440152,0.020364882,0.0031105797,0.0007052186177715092,0.001388888888888889,0.11099523241954701,0.008816120906801006,0.00038697194453402126,0.0009043181190183131,0.004608294930875576,0.0011054165410511506,0.000894397240145659,0.01060240963855422,0.0011507479861910242
16802232,SMAD6,NR_027654 ,79.87647121204142,106.31187043861551,1.3309535189204622,0.01641024628060103,0.4124601886849143,up_in_suicide,SMAD6,SMAD6,Smad6,SMAD6,Endothelial,Endothelial;Astrocytes,4.136569023132324,5.334474780739233e-19,0.058538787,0.0018727342,0.107423924,0.07524302,0.0022922542,0.0025673108,0.0,0.007033876,0.0028977592,0.013149007,0.0,0.032204983544898876,0.0006944444444444445,0.07032181168057207,0.04408060453400502,0.0011609158336020643,0.0011555175965233993,0.0,0.004220681338558936,0.0016610234459847942,0.00674698795180723,0.0
16978354,EMCN,NM_016242 ,55.743594716325795,74.28614290650061,1.332639979257459,0.017240460423769546,0.41428708028201966,up_in_suicide,EMCN,EMCN,Emcn,EMCN,Endothelial,Endothelial;Pericytes,6.119529724121094,0.0,0.009185382,0.02112039,0.954517,0.1956467,0.007906685,0.015608558,0.036952525,0.014614956,0.013710351,0.34575662,0.007720505,0.004466384579219558,0.008333333333333333,0.42193087008346,0.0894206549118387,0.003547242824895192,0.007033585370142454,0.016129032258064516,0.006029544769369914,0.006771864818245714,0.17012048192771148,0.0028768699654775605
17047504,HSPB1,NM_001540 ,2675.493665175493,2087.7743807792954,0.7803323954580743,0.02107989912320684,-0.35783930023380833,down_in_suicide,HSPB1,HSPB1,Hspb1,HSPB1,Endothelial,Endothelial;Pericytes;Fibroblasts,5.904438018798828,0.0,0.055797547,0.10350089,2.143061,0.40818802,0.048254807,0.098562025,0.20259961,0.06704787,0.07280001,1.6436846,0.07072046,0.026093088857545806,0.03958333333333332,0.6914481525626267,0.17632241813602048,0.022315382134795177,0.04594438443567851,0.08294930875576031,0.02823836800321581,0.03641474477735903,0.5518072289156603,0.02646720368239357
16716371,CH25H,NM_003956 ,127.60346366921632,83.34796936154763,0.6531795216594491,0.02150703734461231,-0.6144485343360123,down_in_suicide,CH25H,CH25H,Ch25h,CH25H,Endothelial,Endothelial,5.15507698059082,0.013382385576724706,0.0013443418,0.0,0.033153996,0.007257657,0.00077097246,0.0003769575,0.018690556,0.0017419824,0.0005995551,0.0027445361,0.0,0.0004701457451810061,0.0,0.021603098927294385,0.005037783375314861,0.00038697194453402126,0.0002260795297545781,0.01152073732718894,0.000803939302582655,0.0003194275857663068,0.0014457831325301205,0.0
17076726,PLAT,NM_000930 ,277.6260171379629,333.77512702002167,1.2022472910172397,0.02161414921899728,0.2657336754418166,up_in_suicide,PLAT,PLAT,Plat,PLAT,Endothelial,Endothelial;Fibroblasts;Pericytes;Astrocytes,3.3669230937957764,7.41956502270466e-258,0.25467768,0.07561208,0.59414864,0.5338885,0.033881083,0.038663834,0.03628056,0.021554787,0.12461218,0.48277524,0.053828206,0.14127879642689214,0.029861111111111123,0.2923122765196816,0.23929471032745683,0.01683327958722989,0.0189404406038834,0.016129032258064516,0.009446286805346205,0.10055580399923637,0.24000000000000118,0.021288837744533957
16686060,SLC2A1,NM_006516 ,780.7228920114057,1009.8169222516028,1.2934383410354136,0.024003228631733296,0.37121128154281474,up_in_suicide,SLC2A1,SLC2A1,Slc2a1,SLC2A1,Endothelial,Endothelial;Oligodendrocytes,4.936738967895508,0.0,0.25123456,0.12743077,1.5964985,0.076695725,0.047721803,0.0789073,0.15859696,0.09354449,0.28666273,0.12866656,0.06658074,0.14833098260460723,0.04999999999999995,0.6026519666269808,0.03778337531486146,0.022702354079329197,0.04011655655756087,0.07949308755760365,0.05024620641141604,0.226410272791145,0.06457831325301187,0.027042577675489083
16806145,ATP10A,ENST00000356865 ,174.07062778621977,226.855120209077,1.3032360662689348,0.02429278356335857,0.3820984352401439,up_in_suicide,ATP10A,ATP10A,Atp10a,ATP10A,Endothelial,Endothelial,4.301860809326172,0.0,0.016436134,0.0291777,0.69736886,0.025869118,0.069879465,0.06968322,0.050952405,0.0147264395,0.014747557,0.07799283,0.010650027,0.00987306064880112,0.011111111111111108,0.33849821215734976,0.011335012594458436,0.03456949371170582,0.04107111457208014,0.02764976958525344,0.006431514420661242,0.0077301475755446394,0.04240963855421681,0.004027617951668585
16977868,ABCG2,NM_004827 ,262.4444722198306,392.6701358611816,1.4962027301998977,0.024425198234788534,0.5813056685666435,up_in_suicide,ABCG2,ABCG2,Abcg2,ABCG2,Endothelial,Endothelial,5.5970587730407715,0.0,0.01777824,0.02845442,1.157734,0.17158929,0.031433426,0.027883714,0.079453595,0.06932788,0.06659084,0.13574067,0.073948845,0.00893276915843911,0.011111111111111108,0.4865911799761954,0.09193954659949613,0.015607868429538825,0.012836293300509989,0.04147465437788018,0.03828760928549902,0.05443046061457956,0.07373493975903604,0.029344073647871134
17013851,MYCT1,NM_025107 ,76.98519907458487,103.38738140757614,1.3429514068985169,0.024470441747334096,0.4254071035033677,up_in_suicide,MYCT1,MYCT1,Myct1,MYCT1,Endothelial,Endothelial,7.146623611450195,3.698456821028251e-30,0.00048087144,0.0,0.13138063,0.0,0.0009429611,0.0013138398,0.01569801,0.0002413365,0.00029941613,0.00073231175,0.0,0.00023507287259050304,0.0,0.08536948748510126,0.0,0.0004514672686230248,0.0006279986937627174,0.0069124423963133645,0.00010049241282283188,0.0001277710343065227,0.00048192771084337347,0.0
17004198,FOXF2,NM_001452 ,122.11686758856216,158.1635357651189,1.2951817295052608,0.02822818193246147,0.3731545395038353,up_in_suicide,FOXF2,FOXF2,Foxf2,FOXF2,Endothelial,Endothelial;Pericytes,5.404856204986572,2.6090969437536074e-65,0.0021936116,0.0017761086,0.19377305,0.06666958,0.001791248,0.002353227,0.0070048845,0.002100381,0.0022869508,0.10070872,0.0031983675,0.0011753643629525152,0.0006944444444444445,0.12872467222884412,0.0415617128463476,0.0008384392131570463,0.0011303976487728907,0.003456221198156682,0.000803939302582655,0.0011499393087587041,0.05927710843373477,0.0011507479861910242
16904447,COBLL1,NM_014900 ,105.76835945472368,136.2181332475914,1.2878911420187278,0.02844059008236017,0.3650106559472726,up_in_suicide,COBLL1,COBLL1,Cobll1,COBLL1,Endothelial,Endothelial;Pericytes;Oligodendrocytes,2.7597780227661133,1.3611733974052777e-307,0.2191537,0.13299374,0.72052455,0.14917722,0.05216794,0.0522011,0.122553945,0.035148103,0.44406104,0.79283935,0.08953987,0.11612599905970834,0.05069444444444439,0.35086412395711253,0.07682619647355157,0.02541115769106734,0.026099625712777918,0.062211981566820306,0.014772384684956306,0.30160352648052074,0.3667469879518094,0.03394706559263523
16770685,TBX3,NM_016569 ,95.90008065693752,120.8455317752946,1.2601191880911362,0.029727477380754833,0.33356019716625124,up_in_suicide,TBX3,TBX3,Tbx3,TBX3,Endothelial,Endothelial;Pericytes,4.969416618347168,9.524151648977362e-103,0.0010672857,0.007762408,0.26747942,0.029127672,0.0011600794,0.005092722,0.010333011,0.0048218886,0.0039280998,0.24778615,0.0027973098,0.0004701457451810061,0.002777777777777778,0.1635876042908259,0.020151133501259445,0.0005159625927120283,0.0023361551407973065,0.004608294930875576,0.0020098482564566375,0.002044336548904362,0.13927710843373534,0.0011507479861910242
17004194,FOXQ1,NM_033260 ,92.29869012055447,120.0826121620836,1.3010218455455824,0.03134782215301154,0.3796451866488508,up_in_suicide,FOXQ1,FOXQ1,Foxq1,FOXQ1,Endothelial,Endothelial,6.902340888977051,0.0,0.002087722,0.0069567915,0.6534674,0.089801915,0.003927297,0.0077925334,0.024293322,0.0033299082,0.008828563,0.019375077,0.007635155,0.0011753643629525152,0.002777777777777778,0.32255661501789656,0.05037783375314859,0.0019348597226701075,0.0034916727373207118,0.010368663594470046,0.0013064013666968144,0.004280329649268508,0.01060240963855422,0.0028768699654775605
16879721,EPAS1,NM_001430 ,620.8353380651349,853.9933386891528,1.375555298367304,0.03270655672711388,0.4600141382558506,up_in_suicide,EPAS1,EPAS1,Epas1,EPAS1,Endothelial,Endothelial;Pericytes;Astrocytes,4.691525459289551,0.0,0.21700257,0.07615183,1.2176201,0.17705326,0.03598041,0.054129392,0.084315546,0.042366512,0.11180699,0.8036708,0.1796162,0.12035731076633739,0.031250000000000014,0.5129618593564124,0.09445843828715356,0.016381812318606866,0.024316109422491915,0.036866359447004594,0.019395035674806584,0.08439276815946051,0.37156626506024315,0.06962025316455701
17110586,SLC38A5,NM_033518 ,105.9287652181356,142.10064382674005,1.341473617049315,0.03342070317607837,0.4238186811907518,up_in_suicide,SLC38A5,SLC38A5,Slc38a5,SLC38A5,Endothelial,Endothelial,6.50742769241333,3.247182999901071e-86,0.0014336716,0.0031418204,0.26158094,0.005404953,0.005416782,0.0029565862,0.010656821,0.0031608925,0.0022053283,0.0037593902,0.0014433347,0.0007052186177715092,0.001388888888888889,0.14645411203814254,0.0025188916876574307,0.002515317639471138,0.0013815971262779766,0.004608294930875576,0.0013064013666968144,0.0010860537916054429,0.0014457831325301205,0.0005753739930955121
16760257,VWF,NM_000552 ,165.02624101229446,219.0705938962016,1.3274894498741012,0.03558164198559601,0.40870039536103187,up_in_suicide,VWF,VWF,Vwf,VWF,Endothelial,Endothelial,5.550774097442627,2.8329174887131253e-64,0.007306924,0.0067247255,0.23198062,0.0016604665,0.0044852546,0.0061510266,0.0077552255,0.003604958,0.0039630523,0.015695795,0.010236952,0.00305594734367654,0.002777777777777778,0.12753277711561398,0.0012594458438287153,0.0020638503708481143,0.0027129543570549386,0.004608294930875576,0.00160787860516531,0.0021082220660576232,0.007710843373493977,0.004602991944764097
16919158,TGM2,ENST00000361475 ,147.85248070078254,194.7722103075107,1.3173415108379702,0.0366081014477194,0.3976294018761073,up_in_suicide,TGM2,TGM2,Tgm2,TGM2,Endothelial,Endothelial,4.418317794799805,4.413569659944029e-65,0.0072904294,0.009171277,0.21371846,0.06856248,0.0045867013,0.0061134812,0.023461813,0.041806757,0.0027062332,0.05737396,0.0055085043,0.004466384579219558,0.0034722222222222225,0.1321513706793808,0.03526448362720403,0.0022573363431151244,0.0034916727373207118,0.016129032258064516,0.024319163903125357,0.0017887944802913167,0.03710843373493974,0.0023014959723820483
16938647,CMTM8,NM_178868 ,88.8466594493547,107.77837180698494,1.2130829957475429,0.03724254067735586,0.2786782589969617,up_in_suicide,CMTM8,CMTM8,Cmtm8,CMTM8,Endothelial,Endothelial,5.145176410675049,8.287617898636093e-214,0.004382038,0.018331077,0.40347838,0.006208361,0.013322834,0.0070344536,0.0359762,0.0594218,0.004958311,0.020444242,0.0030092113,0.002350728725905031,0.0076388888888888895,0.23644219308701855,0.003778337531486146,0.007223476297968385,0.0034916727373207118,0.019585253456221193,0.03245904934177476,0.002810962754743497,0.01060240963855422,0.0011507479861910242
16774303,RGCC,NM_014059 ,649.3875905188255,801.3250014810485,1.2339703024519353,0.038072638344016675,0.3033076740490184,up_in_suicide,RGCC,RGCC,Rgcc,RGCC,Endothelial,Endothelial;Polydendrocytes;Fibroblasts;Pericytes;Astrocytes,4.025193691253662,0.0,0.1685541,0.033689093,0.76542413,0.3231643,0.041373186,0.04405203,0.118169546,0.03892581,0.03975798,0.29362127,0.65905905,0.1031969910672307,0.01319444444444444,0.3533969010727266,0.15617128463476085,0.02102547565301511,0.020447637468913826,0.062211981566820306,0.016681740528590117,0.024148725483932675,0.14554216867469924,0.2433831990794018
17115077,CETN2,ENST00000370277 ,595.3950131216075,456.62861188668865,0.7669338872904261,0.0391114997370247,-0.3828258777709001,down_in_suicide,CETN2,CETN2,Cetn2,CETN2,Endothelial,Endothelial;Pericytes;MHb,0.5873476266860962,5.5340339503754507e-11,0.13115677,0.14971021,0.25845343,0.18130457,0.10272538,0.20639849,0.19186953,0.1887684,0.1825417,0.25097966,0.20405476,0.07639868359191339,0.05902777777777769,0.15256257449344704,0.09571788413098227,0.05120928732666869,0.11253736592227277,0.10829493087557587,0.08471510400964592,0.14514789497221048,0.13831325301204858,0.07882623705408522
16663457,TIE1,NM_005424 ,103.51787621842944,127.16963142178076,1.2284799115608265,0.04119930638781004,0.29687426654946303,up_in_suicide,TIE1,TIE1,Tie1,TIE1,Endothelial,Endothelial,6.6105055809021,3.7044513099696084e-221,0.0018979307,0.0035600215,0.40128252,0.0054796385,0.003960106,0.005387758,0.017066458,0.004519807,0.0044330424,0.01751424,0.0029774006,0.0011753643629525152,0.001388888888888889,0.2352502979737884,0.005037783375314861,0.001676878426314093,0.0024868748273003593,0.008064516129032258,0.0018088634308109739,0.0024276496518239295,0.007710843373493977,0.0011507479861910242
16960355,TM4SF1,ENST00000305366 ,79.92491819745679,118.94810167736402,1.48824802527166,0.041245352387580675,0.5736149800823542,up_in_suicide,TM4SF1,TM4SF1,Tm4sf1,TM4SF1,Endothelial,Endothelial;Pericytes,4.676141738891602,0.0,0.031920675,0.05890941,1.0500258,0.20634507,0.028803421,0.055348672,0.088898785,0.040165383,0.037605066,1.1014616,0.042610217,0.016455101081335195,0.022222222222222223,0.4344457687723765,0.10579345088161198,0.01302805546597869,0.02514506769825865,0.036866359447004594,0.016581248115767284,0.020507251006196808,0.4616867469879547,0.016110471806674343
16772172,UBC,ENST00000536769 ,876.1465100193251,492.9694072212511,0.5626563612179175,0.04256839117850542,-0.8296740204129524,down_in_suicide,UBC,UBC,Ubc,UBC,Endothelial,Endothelial;Oligodendrocytes;Macrophages;Pericytes;Microglia;Diff. Oligodendrocytes,1.6339088678359985,0.0,0.8335226,1.0025038,1.5310175,0.8170573,0.37937516,0.53656274,1.2996138,1.0963693,1.431916,1.2008934,0.8087023,0.3631875881523267,0.36041666666666555,0.5886471990465266,0.3387909319899243,0.16884875846501088,0.24446733150793595,0.5115207373271927,0.3990553713194809,0.6148342170830073,0.49253012048193084,0.29976985040275966
16698801,CD34,NM_001773 ,213.7399008255914,294.7183468155332,1.3788644313820424,0.04413582456199587,0.4634806194426577,up_in_suicide,CD34,CD34,Cd34,CD34,Endothelial,Endothelial;Microglia,5.02510404586792,0.0,0.0073726564,0.016570816,0.7853262,0.01569473,0.011753749,0.015044648,0.034608398,0.20138755,0.020645441,0.043534074,0.010072487,0.0037611659614480496,0.00625,0.38498212157332545,0.006297229219143576,0.00541760722347629,0.007108945213393981,0.016129032258064516,0.1017988141895262,0.01379927170510442,0.01927710843373495,0.004027617951668585
16845929,ARHGAP27,ENST00000528273 ,129.62681988271865,156.76338818030885,1.2093437787191132,0.04813069754457007,0.2742244160944401,up_in_suicide,ARHGAP27,ARHGAP27,Arhgap27,ARHGAP27,Endothelial,Endothelial;Microglia,2.9624855518341064,2.3425467692889045e-16,0.0050876644,0.003499298,0.10460363,0.006575641,0.017078558,0.009403467,0.015156686,0.05056511,0.005426733,0.0077211247,0.0030349898,0.002585801598495534,0.001388888888888889,0.07061978545887958,0.003778337531486146,0.00960980328926151,0.006355346780878716,0.009216589861751152,0.03215757210330626,0.0036414744777358934,0.004337349397590361,0.0011507479861910242
16709268,ACSL5,NM_016234 ,92.81783790101304,126.383774038343,1.361632385502524,0.04962647451929085,0.4453372560673692,up_in_suicide,ACSL5,ACSL5,Acsl5,ACSL5,Endothelial,Endothelial;Macrophages;Microglia,1.8213640451431274,2.5215615586308383e-09,0.0071834964,0.018914616,0.09123994,0.021407878,0.03115536,0.023849603,0.101956636,0.06348499,0.006334781,0.03403251,0.03386718,0.004231311706629055,0.0076388888888888895,0.061233611442193046,0.011335012594458436,0.01605933569816185,0.014996608807053747,0.07488479262672809,0.0344688975982314,0.003833131029195677,0.02072289156626507,0.013808975834292294
17021323,TBX18,ENST00000369663 ,67.57013760237261,90.23096574705316,1.335367500330277,0.013376970919938317,0.4172368340039345,up_in_suicide,TBX18,TBX18,Tbx18,TBX18,Fibroblasts,Fibroblasts;Pericytes,6.555184364318848,1.1257876273985205e-21,0.0011221018,0.001840467,0.010579044,0.4826797,0.0019508539,0.0027293647,0.014301662,0.0024170405,0.0014600557,0.1772539,0.0,0.0004701457451810061,0.0006944444444444445,0.005959475566150175,0.2103274559193961,0.0008384392131570463,0.0012559973875254336,0.00576036866359447,0.0010049241282283187,0.0008305117229923976,0.10409638554216881,0.0
16915412,EDN3,NM_207032 ,103.7167765835162,125.8702947184964,1.2135962846583594,0.02336112150915963,0.2792885739926032,up_in_suicide,EDN3,EDN3,Edn3,EDN3,Fibroblasts,Fibroblasts;Endothelial,5.865388870239258,6.727222719543591e-20,0.00022566158,0.0020708109,0.12089759,0.49043342,0.0016035468,0.0033869161,0.020400692,0.0013150629,0.0022423058,0.005896464,0.0029946864,0.00023507287259050304,0.0006944444444444445,0.07598331346841473,0.20403022670025248,0.0007094485649790391,0.0016327966037830626,0.008064516129032258,0.0006029544769369913,0.0012777103430652267,0.0024096385542168672,0.0011507479861910242
17071218,MATN2,NM_002380 ,159.41464036894735,126.36156637400627,0.7926597336452698,0.04369656613915773,-0.3352264041565067,down_in_suicide,MATN2,MATN2,Matn2,MATN2,Fibroblasts,Fibroblasts;Oligodendrocytes,3.239483594894409,0.0034646767400753112,0.009819824,0.038072847,0.00858678,0.1702294,0.019877221,0.00931752,0.015504637,0.0045141457,0.061351027,0.0144531345,0.014376243,0.005876821814762574,0.014583333333333327,0.004320619785458877,0.09068010075566742,0.010319251854240548,0.005777587982617014,0.008064516129032258,0.0020098482564566375,0.055069315786112204,0.008192771084337351,0.00575373993095512
16980770,DCHS2,NM_017639 ,117.9629922964742,84.16859476545497,0.7135169524516265,0.023709127986931235,-0.486980387782889,down_in_suicide,DCHS2,DCHS2,Dchs2,DCHS2,LHb,LHb,2.6087136268615723,0.01810945329813217,0.0041715573,0.0050231796,0.005497339,0.024457848,0.031942718,0.00597429,0.0032606067,0.0041083456,0.003890978,0.0074159782,0.0016869005,0.002350728725905031,0.0020833333333333333,0.002532777115613825,0.01259445843828715,0.016381812318606866,0.002788314200306465,0.001152073732718894,0.001708371017988142,0.0026193062032837133,0.003373493975903614,0.0005753739930955121
16756510,WSCD2,ENST00000332082 ,75.57727312941049,91.64571535910916,1.2126094467867978,0.027040839011679956,0.27811496685490406,up_in_suicide,WSCD2,WSCD2,Wscd2,WSCD2,LHb,LHb,2.7823853492736816,3.2413856106834297e-07,0.012296841,0.0032032342,0.0034063356,0.012300535,0.061928786,0.008832749,0.00754527,0.0042819297,0.016403746,0.009805486,0.0014087956,0.005876821814762574,0.001388888888888889,0.0014898688915375444,0.006297229219143576,0.03269912931312472,0.004546710542842082,0.004608294930875576,0.0019093558436338058,0.013160416533571811,0.0038554216867469873,0.0005753739930955121
16787650,CHGA,ENST00000216492 ,183.2763747453841,236.5755695205556,1.2908132313792064,0.029271711809708716,0.3682802712450001,up_in_suicide,CHGA,CHGA,Chga,CHGA,LHb,LHb;MHb,1.6170899868011475,5.456296887835865e-30,0.045543972,0.048510402,0.04278411,0.09873577,0.22295408,0.118862756,0.024920978,0.035938617,0.033358555,0.03863454,0.102041036,0.02021626704278324,0.018749999999999996,0.019517282479141824,0.03904282115869017,0.10003224766204426,0.0679243387173722,0.012672811059907835,0.016279770877298788,0.018654571008752244,0.017349397590361453,0.04085155350978138
17099573,FAM163B,NM_001080515 ,142.22836014485983,171.32674596731553,1.2045891958032768,0.034326696708668405,0.26854122427683136,up_in_suicide,FAM163B,FAM163B,Fam163b,FAM163B,LHb,LHb,2.0375378131866455,0.03334380167586008,0.0058879647,0.003841778,0.008600904,0.0077857245,0.038221337,0.013728379,0.0060357815,0.005954432,0.0037096178,0.011171469,0.0,0.002585801598495534,0.001388888888888889,0.004022646007151368,0.003778337531486146,0.018058690744920954,0.008641262026175017,0.002304147465437788,0.002411817907747964,0.002044336548904362,0.004337349397590361,0.0
16808302,PPIP5K1,ENST00000432870 ,401.0598923341428,555.7687764748719,1.385750076479434,0.034562300496080424,0.47066708724711154,up_in_suicide,PPIP5K1,PPIP5K1,Ppip5k1,PPIP5K1,LHb,LHb;MHb,1.0417393445968628,2.1800046314317563e-20,0.13632241,0.06809922,0.07002095,0.047425523,0.23341978,0.15873013,0.061980102,0.041111015,0.11320342,0.10009699,0.03666374,0.07545839210155138,0.02569444444444445,0.04126936829558996,0.02267002518891688,0.11854240567558823,0.09178828908035393,0.033410138248847907,0.020299467390212073,0.08867309780872921,0.0539759036144577,0.014384349827387807
16854425,CHST9,NM_031422 ,139.98416922144844,103.51779579778469,0.7394964471591379,0.04018399185044979,-0.4353848788384835,down_in_suicide,CHST9,CHST9,Chst9,CHST9,LHb,LHb;Astrocytes,2.8743200302124023,6.230545013559565e-09,0.09135286,0.009355123,0.007598961,0.0017758247,0.08078315,0.007060565,0.0064947037,0.009924064,0.0055151144,0.0039313957,0.009115364,0.050540667606958085,0.0034722222222222225,0.0031287246722288423,0.0012594458438287153,0.036375362786197914,0.0032907131553166413,0.003456221198156682,0.0050246206411415925,0.002810962754743497,0.0014457831325301205,0.0034522439585730727
16849286,ST6GALNAC1,NM_018414 ,63.327447654711094,79.07846443864825,1.2487233793128467,0.009871542374380746,0.3204539225080168,up_in_suicide,ST6GALNAC1,ST6GALNAC1,St6galnac1,ST6GALNAC1,MHb,MHb,2.636584997177124,0.03358198049296986,0.003101938,0.004973306,0.0020427997,0.0,0.0023291535,0.013033898,0.0021005478,0.0021049792,0.0018615354,0.0,0.0012821638,0.0011753643629525152,0.0020833333333333333,0.0008939213349225268,0.0,0.001225411157691068,0.01027405862995809,0.001152073732718894,0.000803939302582655,0.0010860537916054429,0.0,0.0005753739930955121
16952782,TMEM158,NM_015444 ,294.5877436872143,206.7996814913992,0.7019968954002844,0.014807654798411124,-0.5104634447001443,down_in_suicide,TMEM158,TMEM158,Tmem158,TMEM158,MHb,MHb,1.1153994798660278,8.774566549580208e-18,0.025638374,0.026603326,0.039807264,0.18584502,0.08221791,0.10014186,0.042834245,0.029735772,0.026335033,0.04166988,0.07572767,0.012223789374706147,0.010416666666666664,0.021305125148986876,0.09193954659949613,0.04056755885198313,0.05687156170714909,0.020737327188940086,0.013365490905436657,0.015268638599629418,0.021204819277108444,0.03049482163406216
16786933,SAMD15,ENST00000216471 ,76.59239019304891,62.85809070828693,0.8206832369358747,0.024864586465243334,-0.28510260940584714,down_in_suicide,SAMD15,SAMD15,Samd15,SAMD15,MHb,MHb,1.4150102138519287,0.007092935141028672,0.0030184316,0.011325788,0.0091800215,0.0075353347,0.011122202,0.019549185,0.0025895843,0.005686702,0.0053280955,0.00777076,0.0043423614,0.0018805829807240246,0.004166666666666667,0.006108462455303929,0.005037783375314861,0.007029990325701375,0.01595116682157306,0.002304147465437788,0.0030147723846849542,0.0039609020635022,0.004337349397590361,0.0017261219792865361
16676633,DYRK3,NM_001004023 ,66.25583111340913,53.492338577323366,0.8073604644059376,0.02758464134332452,-0.3087151536002874,down_in_suicide,DYRK3,DYRK3,Dyrk3,DYRK3,MHb,MHb,1.5410518646240234,0.002576606547744443,0.014645948,0.012342694,0.0061921044,0.011940763,0.009718551,0.021226648,0.011617446,0.004457091,0.0047346056,0.007567158,0.00416275,0.009167842031029612,0.004861111111111111,0.0028307508939213336,0.006297229219143576,0.005933569816188317,0.01662940541083675,0.008064516129032258,0.002110340669279469,0.0028748482718967583,0.003373493975903614,0.0017261219792865361
17099248,MED27,NM_001253882 ,22.06354094523855,29.69917961029613,1.346074942549301,0.03222886187841409,0.428758734045117,up_in_suicide,MED27,MED27,Med27,MED27,MHb,MHb,0.41667187213897705,1.3246252447492159e-05,0.10532555,0.055650633,0.09775771,0.056053657,0.11483695,0.124299176,0.06076566,0.04595761,0.1179908,0.07485518,0.031785414,0.06158909261871171,0.022222222222222223,0.06227651966626933,0.03148614609571789,0.062173492421799266,0.07824863724283061,0.04377880184331797,0.026128027333936335,0.09538107710982197,0.04144578313253007,0.012658227848101269
17111435,WNK3,NM_020922 ,133.18518921938028,110.51543081096445,0.8297876923005709,0.03761800482893572,-0.2691858360733328,down_in_suicide,WNK3,WNK3,Wnk3,WNK3,MHb,MHb,0.7843992710113525,5.0715648925709944e-14,0.090644166,0.02990565,0.033909597,0.0240935,0.103117,0.10103364,0.033074215,0.026306504,0.049185786,0.04159859,0.0646007,0.054066760695815626,0.011805555555555552,0.016984505363528,0.01259445843828715,0.05482102547565288,0.06335250822677992,0.014976958525345623,0.011657119887448511,0.03660640132881882,0.019759036144578322,0.02646720368239357
17054273,PRKAR1B,ENST00000478198 ,119.6017024494101,96.75798267268816,0.8090017172925734,0.043366907284646365,-0.3057853297761764,down_in_suicide,PRKAR1B,PRKAR1B,Prkar1b,PRKAR1B,MHb,MHb;LHb,0.9933311939239502,4.340074987148324e-90,0.11364194,0.09728217,0.10861368,0.12596445,0.29540184,0.2860303,0.10754465,0.09589378,0.085404426,0.21967065,0.1170876,0.05547719793135864,0.038194444444444434,0.05393325387365908,0.060453400503778294,0.14485649790390162,0.1544374387701186,0.05184331797235024,0.043211737513817794,0.051683383376989196,0.11710843373494,0.046029919447640996
17114701,CDR1,NM_004065 ,322.03026638867976,439.9391734033058,1.3661423143137543,0.04432879221080776,0.4501077804509844,up_in_suicide,CDR1,CDR1,Cdr1,CDR1,MHb,MHb,1.5254149436950684,0.0005242721400959725,0.008265846,0.010365484,0.009599476,0.005822335,0.020199519,0.030999534,0.00405158,0.0072018267,0.006117066,0.007179203,0.013532225,0.004231311706629055,0.004166666666666667,0.004618593563766386,0.0025188916876574307,0.010512737826507558,0.019518199402145064,0.002304147465437788,0.0030147723846849542,0.003258161374816326,0.0028915662650602406,0.005178365937859608
16828802,KCNG4,NM_172347 ,68.35539811848977,88.70754917681202,1.2977402168449532,0.04727451239404578,0.37600161185806324,up_in_suicide,KCNG4,KCNG4,Kcng4,KCNG4,MHb,MHb,1.7939119338989258,3.388259676888467e-47,0.043419596,0.046701234,0.039789103,0.02827423,0.05723993,0.13360143,0.025053525,0.03299231,0.031111982,0.027238542,0.034713455,0.023507287259050276,0.018749999999999996,0.018474374255065543,0.01259445843828715,0.02560464366333435,0.074304805446001,0.012672811059907835,0.014169430208019314,0.017951830320066375,0.013012048192771089,0.013808975834292294
16852683,PMAIP1,ENST00000316660 ,50.07589689126273,71.03522616697471,1.4185512507389353,0.0007231432735744429,0.5044182745821104,up_in_suicide,PMAIP1,PMAIP1,Pmaip1,PMAIP1,Macrophages,Macrophages;Microglia;Endothelial,3.7326245307922363,2.3533691726653343e-05,0.0023491243,0.0053647705,0.07145889,0.003316523,0.0018626078,0.0020245342,0.16760808,0.06906436,0.0021963308,0.00072057603,0.0014597126,0.0009402914903620122,0.0020833333333333333,0.04558998808104884,0.0012594458438287153,0.0010964205095130607,0.0009294380667688218,0.10368663594470032,0.04391518440357762,0.0012138248259119654,0.00048192771084337347,0.0005753739930955121
16965268,CD38,NM_001775 ,321.4430979583692,211.32758067062855,0.6574338724734355,0.026331114202692643,-0.6050823056572426,down_in_suicide,CD38,CD38,Cd38,CD38,Macrophages,Macrophages;Astrocytes;Endothelial,4.7616496086120605,1.5051434852974466e-08,0.07159784,0.0055301115,0.045916628,0.0551974,0.003828313,0.0042579225,0.24568243,0.0044001234,0.0033287387,0.0014938617,0.004519739,0.04066760695815697,0.0020833333333333333,0.03218116805721095,0.03526448362720403,0.0018058690744921003,0.00185887613353764,0.127880184331797,0.0018088634308109739,0.001852679997444578,0.0009638554216867469,0.0017261219792865361
16969495,NPNT,NM_001184690 ,97.9459061707604,67.1817403897534,0.6859065683932488,0.0008175270639690624,-0.5439160235852282,down_in_suicide,NPNT,NPNT,Npnt,NPNT,Microglia,Microglia,2.102820873260498,0.00039238620096660294,0.021231486,0.0055330317,0.029327149,0.018586854,0.02043152,0.007330491,0.0,0.05072072,0.0056592748,0.024592975,0.0066699404,0.012223789374706147,0.0020833333333333333,0.017133492252681754,0.013853904282115866,0.00980328926152852,0.0035167926850712206,0.0,0.029544769369912627,0.0028748482718967583,0.015421686746987958,0.0023014959723820483
17098491,RPL12,AK057602 ,29.865288430174463,37.82338682480954,1.2664664837656343,0.004532661918188522,0.34080889754395666,up_in_suicide,RPL12,RPL12,Rpl12,RPL12,Microglia,Microglia;Macrophages;Endothelial;Pericytes,2.2305490970611572,0.0,0.5870554,0.7358219,1.177414,0.8895092,0.49597174,0.64879745,1.6436028,1.7921803,0.8814313,0.9364887,0.9293718,0.2811471556182413,0.27430555555555475,0.5166865315852566,0.365239294710327,0.2148339245404703,0.28616644477377773,0.5898617511520753,0.6192342478143212,0.5059094103366207,0.41638554216867724,0.3411967779056346
16675323,RGS2,NM_002923 ,310.3730043240024,248.2981819873367,0.7999992864332202,0.022161831622050317,-0.3219293817120045,down_in_suicide,RGS2,RGS2,Rgs2,RGS2,Microglia,Microglia;Macrophages,2.139469623565674,2.4023701951641886e-48,0.07133154,0.021795608,0.048720196,0.117199585,0.04766085,0.08468978,0.30636647,0.26973957,0.04625879,0.05569706,0.036322266,0.045133991537376524,0.008333333333333333,0.02994636471990463,0.05541561712846344,0.024701709126088302,0.05471124620060548,0.17396313364055255,0.13144407597226052,0.03756468408611779,0.03084337349397592,0.014384349827387807
16968213,ANXA3,NM_005139 ,105.54641006664664,151.75572170347928,1.437810358567895,0.0229937638159186,0.5238734026229143,up_in_suicide,ANXA3,ANXA3,Anxa3,ANXA3,Microglia,Microglia;Endothelial,3.609402656555176,0.0,0.018630018,0.0335004,0.713709,0.06898897,0.015855756,0.020103863,0.16899857,0.67423135,0.016569229,0.13145274,0.026795054,0.00893276915843911,0.01319444444444444,0.3595053635280311,0.03400503778337532,0.007481457594324398,0.009394860458690282,0.09792626728110587,0.28549894482967275,0.008816201367150075,0.07903614457831319,0.010356731875719219
17056072,SKAP2,NM_003930 ,87.31717695154668,71.88058133803543,0.8232123832624914,0.029457024273597063,-0.28066341059399463,down_in_suicide,SKAP2,SKAP2,Skap2,SKAP2,Microglia,Microglia;Macrophages;Oligodendrocytes;Astrocytes,2.2884294986724854,2.2861138236250322e-83,0.24466182,0.08994242,0.0868822,0.030705921,0.03168204,0.025859045,0.4064525,0.35878173,0.2384171,0.036025453,0.036641374,0.1377527033380346,0.034722222222222224,0.055721096543504135,0.016372795969773295,0.015414382457271815,0.012836293300509989,0.21658986175115144,0.1705356245603449,0.1887817031878805,0.017349397590361453,0.01495972382048332
16675398,CFH,NM_000186 ,73.5653832576348,91.41611714695925,1.2426512729065655,0.048182142756527976,0.31342148751225296,up_in_suicide,CFH,CFH,Cfh,CFH,Microglia,Microglia;Fibroblasts;Macrophages;Pericytes;Endothelial,4.254347801208496,0.0,0.024561156,0.032847025,0.29745796,1.0707059,0.01847687,0.018968869,0.63291776,0.81115085,0.01822727,0.3298551,0.045808043,0.01081335213916313,0.012499999999999995,0.1476460071513727,0.403022670025188,0.008706868752015463,0.008817101660428579,0.28110599078341,0.3291126519947849,0.009710598607295727,0.1677108433734946,0.01726121979286537
16699975,LEFTY1,NM_020997 ,70.28040611816917,89.07468979171817,1.2674185411215235,0.00038870708749775054,0.3418930260479164,up_in_suicide,LEFTY1,LEFTY1,Lefty1,LEFTY1,Oligodendrocytes,Oligodendrocytes;Microglia,2.4203593730926514,6.744963226314365e-13,0.001707804,0.023696,0.001971877,0.045179207,0.0019918545,0.001731537,0.015530415,0.044548158,0.043045927,0.014672818,0.0016586619,0.0018805829807240246,0.009027777777777777,0.0010429082240762813,0.023929471032745595,0.0009029345372460499,0.0008038383280162783,0.0069124423963133645,0.02401768666465686,0.041397815115313645,0.010120481927710846,0.0005753739930955121
17042936,NUDT1,NM_198948 ,58.81388188125097,71.10184983147272,1.2089297213034151,0.0006944837708912095,0.2737303788516693,up_in_suicide,NUDT1,NUDT1,Nudt1,NUDT1,Oligodendrocytes,Oligodendrocytes,0.5931771993637085,0.0025299182859264053,0.030583924,0.017492145,0.018344386,0.02179756,0.013618837,0.024466824,0.023370694,0.019798758,0.03262904,0.020790808,0.03849517,0.01951104842501173,0.006944444444444445,0.012663885578069122,0.01511335012594458,0.007997420187036426,0.017784923007360075,0.016129032258064516,0.009647271630991869,0.03072893375071854,0.012048192771084341,0.01495972382048332
16869653,DNAJB1,NM_006145 ,495.9658441700166,377.6852432270453,0.7615146237723077,0.002399159153222782,-0.3930563530648651,down_in_suicide,DNAJB1,DNAJB1,Dnajb1,DNAJB1,Oligodendrocytes,Oligodendrocytes;Pericytes;Endothelial;Macrophages,1.841928482055664,0.0,0.096979104,0.34100977,0.42263365,0.15709499,0.09668768,0.18303381,0.43557337,0.27428958,0.59570324,0.48878348,0.14222422,0.054066760695815626,0.1236111111111108,0.22571513706794724,0.08186397984886642,0.04875846501128656,0.0995252329875101,0.210829493087557,0.12662044015676424,0.31061138439912905,0.21301204819277206,0.05408515535097817
16818305,ITGAD,NM_005353 ,57.26989865103214,71.80087768441152,1.253728038212924,0.0027353724389020885,0.32622442910161487,up_in_suicide,ITGAD,ITGAD,Itgad,ITGAD,Oligodendrocytes,Oligodendrocytes,4.189811706542969,6.3066185768509796e-21,0.0003669867,0.04073065,0.00267505,0.0048427223,0.001909513,0.0018991032,0.0032258385,0.0029757824,0.052568592,0.0022342703,0.012241539,0.00023507287259050304,0.015972222222222214,0.00134088200238379,0.0025188916876574307,0.0010319251854240571,0.0009043181190183131,0.002304147465437788,0.0018088634308109739,0.04938350475947168,0.0009638554216867469,0.004602991944764097
16877762,CENPO,ENST00000380834 ,137.24185652891114,112.4455637640644,0.8193241231794092,0.003357585212642589,-0.28749380248585626,down_in_suicide,CENPO,CENPO,Cenpo,CENPO,Oligodendrocytes,Oligodendrocytes,0.9158847332000732,0.015574273410876683,0.019935092,0.0068947594,0.010754001,0.021389153,0.009450514,0.013673456,0.020151284,0.014858447,0.02396682,0.008196333,0.002893795,0.011283497884344136,0.002777777777777778,0.0074493444576877186,0.011335012594458436,0.005869074492099314,0.0094451003541913,0.010368663594470046,0.008843332328409212,0.021784961349262024,0.0048192771084337345,0.0011507479861910242
16692805,GOLPH3L,NM_018178 ,240.95635141151973,186.8410327294937,0.7754144335062384,0.009309714038301694,-0.3669605053308052,down_in_suicide,GOLPH3L,GOLPH3L,Golph3l,GOLPH3L,Oligodendrocytes,Oligodendrocytes,0.6690261960029602,1.9528907693935214e-11,0.06434574,0.052914165,0.069763124,0.056991313,0.036701456,0.052663222,0.07035088,0.033193193,0.07805591,0.07017559,0.04289798,0.04160789844851898,0.020833333333333332,0.045143027413587576,0.03400503778337532,0.02102547565301511,0.03727800246175357,0.044930875576036866,0.018189126720932598,0.06733533507953894,0.03759036144578311,0.01726121979286537
16880924,PNO1,NM_020143 ,89.61443480970722,74.5116722324157,0.8314695326778366,0.009680571430033997,-0.26626469470602815,down_in_suicide,PNO1,PNO1,Pno1,PNO1,Oligodendrocytes,Oligodendrocytes,1.4976180791854858,2.9437718825642007e-53,0.04311843,0.0833948,0.05126292,0.017513718,0.026458729,0.045153435,0.033107884,0.04222989,0.11472068,0.04552147,0.05280361,0.030324400564174854,0.031250000000000014,0.032777115613825965,0.008816120906801006,0.014640438568203774,0.031826973799893535,0.02304147465437787,0.021505376344086058,0.1053472177857312,0.025060240963855434,0.021288837744533957
16698766,YOD1,NM_018566 ,86.27968653571178,70.93053714408096,0.82210007931267,0.01082593880889366,-0.2826140621247411,down_in_suicide,YOD1,YOD1,Yod1,YOD1,Oligodendrocytes,Oligodendrocytes,0.7731103897094727,1.549047808679171e-15,0.057718456,0.074650235,0.054155998,0.044010665,0.040804483,0.05468121,0.034478825,0.028951157,0.08368717,0.086209245,0.048402797,0.035731076633756416,0.029166666666666678,0.03575685339690105,0.025188916876574312,0.021283456949371123,0.0348916074254554,0.020737327188940086,0.0153753391618933,0.07142400817734786,0.047228915662650514,0.02013808975834293
16994779,CDH10,NM_006727 ,344.35458526947997,286.56912444868874,0.8321919809037235,0.013723194039821352,-0.26501170841068783,down_in_suicide,CDH10,CDH10,Cdh10,CDH10,Oligodendrocytes,Oligodendrocytes;Astrocytes;LHb,1.2826695442199707,0.0,0.75954676,0.29161668,0.15177883,0.10135328,0.57912326,0.4380855,0.15694334,0.09724153,0.77668667,0.114851765,0.13488996,0.3338034790785139,0.1104166666666664,0.06495828367103691,0.04408060453400502,0.24095453079651666,0.20746564847143903,0.06566820276497698,0.039995980303487166,0.4220277263143978,0.049156626506023995,0.0506329113924051
16855510,ATP8B1,NM_005603 ,76.58870281708418,94.71018646600164,1.2366077891695957,0.016911211787105133,0.3063879980156348,up_in_suicide,ATP8B1,ATP8B1,Atp8b1,ATP8B1,Oligodendrocytes,Oligodendrocytes,4.097255229949951,5.943198769219606e-247,0.00995724,0.050117426,0.033373456,0.0215678,0.014692841,0.009416138,0.022867212,0.020075044,0.24212512,0.065127455,0.0041532964,0.005171603196991066,0.01944444444444444,0.019517282479141824,0.011335012594458436,0.007158980973879381,0.004395990856339029,0.012672811059907835,0.013566475731082321,0.17843224940905394,0.04192771084337344,0.0017261219792865361
16747112,KCNA6,NM_002235 ,393.260821118018,305.64690185227704,0.7772116759135588,0.018293430610259627,-0.36362052044884446,down_in_suicide,KCNA6,KCNA6,Kcna6,KCNA6,Oligodendrocytes,Oligodendrocytes,2.937978982925415,0.0,0.06665159,0.12505877,0.025534682,0.024113279,0.09681575,0.036533814,0.017996632,0.026438812,0.32171518,0.029191466,0.040135145,0.03690644099670893,0.04722222222222218,0.01191895113230035,0.011335012594458436,0.04830699774266354,0.017106684418096384,0.008064516129032258,0.01115465782333435,0.24206222449369136,0.013975903614457837,0.016110471806674343
16736847,LIN7C,NM_018362 ,937.1063275439288,745.2736455836205,0.7952925123629411,0.018599528254435557,-0.3304425067948136,down_in_suicide,LIN7C,LIN7C,Lin7c,LIN7C,Oligodendrocytes,Oligodendrocytes;Endothelial,0.46899649500846863,5.751456954521404e-25,0.12473556,0.07830971,0.13881965,0.11298936,0.07831925,0.09922192,0.10060233,0.09127925,0.13478848,0.13011229,0.08652795,0.07663375646450389,0.031250000000000014,0.08924314660309887,0.06549118387909315,0.04089003547242815,0.06101635308598276,0.06566820276497698,0.048035373329313735,0.1132051363955827,0.07518072289156617,0.03337169159953972
16755103,NUDT4,ENST00000337179 ,34.07979005835567,27.818481876370623,0.8162750365755289,0.020329536150393575,-0.29287275758276016,down_in_suicide,NUDT4,NUDT4,Nudt4,NUDT4,Oligodendrocytes,Oligodendrocytes;Pericytes,1.7123476266860962,0.0,0.1783402,0.4773802,0.2506222,0.20891368,0.18181093,0.24997005,0.23184316,0.233751,0.6409184,0.5731204,0.20764779,0.0944992947813821,0.18263888888888838,0.13051251489868934,0.0982367758186397,0.08494034182521747,0.12899093169885492,0.1163594470046081,0.10953672997688374,0.4030537277198824,0.2669879518072303,0.07997698504027624
16830202,XAF1,NM_017523 ,259.16653664388684,315.7229162534046,1.2182240822519084,0.02396344414714212,0.2847795294833239,up_in_suicide,XAF1,XAF1,Xaf1,XAF1,Oligodendrocytes,Oligodendrocytes;Endothelial,2.7555325031280518,0.0,0.014782682,0.13540655,0.35346425,0.057125255,0.016723126,0.023654208,0.124013536,0.048640154,0.33046964,0.082232915,0.027762596,0.00893276915843911,0.05208333333333327,0.191150178784273,0.03148614609571789,0.007739438890680412,0.011228616644477425,0.06912442396313365,0.02301276253642854,0.24902574586339565,0.04240963855421681,0.010356731875719219
16927040,MRPL40,ENST00000333130 ,141.35855812275935,115.7152440166712,0.8185938336763534,0.02613560076081836,-0.28878029563391383,down_in_suicide,MRPL40,MRPL40,Mrpl40,MRPL40,Oligodendrocytes,Oligodendrocytes,0.9991170763969421,7.205312634549498e-49,0.07515044,0.06951899,0.0819169,0.07743657,0.04479596,0.078122795,0.049631555,0.047817606,0.13187952,0.08027336,0.08369595,0.05430183356840613,0.02708333333333334,0.054380214541120346,0.04282115869017631,0.025540148339245346,0.0533547690220781,0.03225806451612901,0.022409808059491547,0.11933814604229608,0.04433734939759029,0.03337169159953972
17083433,IL33,NM_033439 ,149.04732263358414,103.4623020939844,0.6941574009238306,0.02831561190569513,-0.5266652623650842,down_in_suicide,IL33,IL33,Il33,IL33,Oligodendrocytes,Oligodendrocytes;Diff. Oligodendrocytes,4.418761253356934,0.0,0.1372018,0.8166406,0.0950071,0.40071693,0.06398174,0.10965638,0.17260343,0.07641502,1.2690827,0.11962074,0.09220772,0.07475317348377987,0.29583333333333245,0.042759237187127506,0.18261964735516412,0.028635923895517508,0.048833178426986826,0.07142857142857142,0.031353632800723605,0.5389382227048799,0.050120481927710736,0.035097813578826256
16817519,NFATC2IP,AK304606 ,40.81656597608451,28.446912681478913,0.6969452721266824,0.03200046877770587,-0.5208827224828488,down_in_suicide,NFATC2IP,NFATC2IP,Nfatc2ip,NFATC2IP,Oligodendrocytes,Oligodendrocytes,1.376408576965332,3.0602444384171277e-06,0.016657876,0.020084504,0.032216497,0.008204054,0.007325768,0.011393153,0.028094415,0.014304048,0.034865815,0.022754809,0.014381442,0.010578279266572628,0.0076388888888888895,0.022199046483909402,0.007556675062972291,0.0038052241212512055,0.007862543645909244,0.020737327188940086,0.00874283991558638,0.033348239954002344,0.015421686746987958,0.00575373993095512
16774851,KCNRG,NM_173605 ,69.2134738464553,44.92423467056865,0.649067763456427,0.03387207036863617,-0.6235589896997317,down_in_suicide,KCNRG,KCNRG,Kcnrg,KCNRG,Oligodendrocytes,Oligodendrocytes;Microglia,1.6960248947143555,8.746545465182198e-07,0.012030194,0.00928529,0.025285237,0.009899987,0.005461019,0.0058177034,0.04352592,0.03773571,0.040293638,0.03574107,0.0015186053,0.007757404795486596,0.0034722222222222225,0.01802741358760428,0.006297229219143576,0.0027732989358271514,0.0031399934688135884,0.029953917050691226,0.02441965631594819,0.03353989650546214,0.019759036144578322,0.0005753739930955121
16967031,PAICS,NM_001079525 ,462.27764242569503,382.7335181687852,0.8279299776655422,0.03411871679942906,-0.27241933820923897,down_in_suicide,PAICS,PAICS,Paics,PAICS,Oligodendrocytes,Oligodendrocytes,1.6260082721710205,4.4905003373017e-292,0.17057204,0.18844007,0.1667152,0.1495157,0.07955156,0.11075937,0.122975804,0.11212607,0.32501087,0.1589811,0.18463403,0.11377527033380332,0.07222222222222209,0.10652562574493438,0.07682619647355157,0.04217994195420822,0.06764801929211663,0.08179723502304143,0.05476836498844349,0.2579697182648507,0.08771084337349398,0.07307249712313009
16834441,VPS25,NM_032353 ,454.4206831699879,367.24142468835714,0.8081529699011981,0.034496507135312146,-0.3072996979125484,down_in_suicide,VPS25,VPS25,Vps25,VPS25,Oligodendrocytes,Oligodendrocytes,1.1708463430404663,0.016806696430697196,0.0072797607,0.016714908,0.010759587,0.0150770815,0.0056267884,0.009526607,0.011076201,0.008466143,0.019752057,0.00894968,0.0088074645,0.005406676069581569,0.00625,0.0065554231227651924,0.007556675062972291,0.0031602708803611717,0.006581426310633296,0.00576036866359447,0.003919204100090439,0.018846227560212026,0.006265060240963856,0.0034522439585730727
17106640,ZBTB33,NM_001184742 ,234.87175133832824,187.45725176294903,0.7981260015084592,0.03476588387401285,-0.32531156974106146,down_in_suicide,ZBTB33,ZBTB33,Zbtb33,ZBTB33,Oligodendrocytes,Oligodendrocytes,0.9789196252822876,6.690079065766178e-09,0.04430107,0.020961815,0.03956212,0.015608357,0.017521804,0.023700768,0.045807034,0.024090307,0.050237168,0.037227564,0.044293255,0.027738598965679324,0.008333333333333333,0.025476758045291998,0.011335012594458436,0.008771364076104467,0.01567484739631748,0.02764976958525344,0.015978293638830292,0.046316999936114996,0.021686746987951817,0.01783659378596088
16685580,POU3F1,NM_002699 ,109.94826640177192,148.2049409398615,1.34795159387318,0.036687507786313814,0.4307686890026944,up_in_suicide,POU3F1,POU3F1,Pou3f1,POU3F1,Oligodendrocytes,Oligodendrocytes;Polydendrocytes,2.2002720832824707,0.0,0.037114553,0.24892122,0.06676252,0.037428133,0.042750206,0.13120982,0.03319774,0.049334623,0.38574415,0.039159466,0.36039928,0.019746121297602233,0.09444444444444423,0.03799165673420737,0.016372795969773295,0.02044501773621408,0.07377728654324035,0.017281105990783408,0.02401768666465686,0.2695968823867423,0.018795180722891575,0.13924050632911403
17037702,PPP1R11,ENST00000400654 ,43.32872172104265,34.719174235764555,0.8012969886185944,0.04430703204734447,-0.3195910400241875,down_in_suicide,PPP1R11,PPP1R11,Ppp1r11,PPP1R11,Oligodendrocytes,Oligodendrocytes;Pericytes;Endothelial,0.578808069229126,3.954464838804055e-105,0.14973763,0.2088411,0.28263855,0.21301681,0.12726769,0.20624027,0.29426563,0.24613363,0.29045755,0.29969516,0.23247516,0.09308885754583908,0.08124999999999984,0.1714839094159756,0.11083123425692683,0.06397936149629137,0.11359240372779407,0.17511520737327144,0.12340468294643361,0.2329904810579298,0.16819277108433797,0.09033371691599547
16943819,PHLDB2,NM_001134437 ,63.55739597302577,78.25713338627122,1.2312828772828284,5.1721950389943e-06,0.300162247419478,up_in_suicide,PHLDB2,PHLDB2,Phldb2,PHLDB2,Pericytes,Pericytes;Fibroblasts;Endothelial,4.830603122711182,5.2368307181117486e-164,0.053210277,0.011386113,0.2019622,0.27832553,0.0378756,0.02799089,0.018536022,0.008167371,0.03637838,0.81909764,0.01768593,0.02820874471086033,0.004166666666666667,0.12425506555423114,0.1259445843828714,0.01876813930989999,0.015725087291818495,0.008064516129032258,0.003718219274444776,0.028940139270427236,0.3744578313253034,0.006904487917146144
16926595,SLC19A1,ENST00000461785 ,49.28168117256094,59.39801494851516,1.2052757441559605,0.00041805407745408335,0.26936324539023093,up_in_suicide,SLC19A1,SLC19A1,Slc19a1,SLC19A1,Pericytes,Pericytes,5.36424446105957,1.192576398021533e-121,0.023744814,0.0143204,0.03282086,0.108458966,0.01707731,0.024732705,0.00815012,0.019363016,0.01652183,0.6577347,0.014219035,0.01504466384579218,0.005555555555555556,0.01832538736591179,0.05919395465994958,0.009093840696549484,0.015071968650305273,0.00576036866359447,0.010250226107928861,0.01303264549926529,0.3156626506024114,0.005178365937859608
17006863,HSPA1A,NM_005345 ,2369.4863137252464,1633.8938779922933,0.6895561576059609,0.003549288400227775,-0.5362600449603412,down_in_suicide,HSPA1A,HSPA1A,Hspa1a,HSPA1A,Pericytes,Pericytes;Endothelial;Macrophages;Oligodendrocytes,3.073364496231079,4.175139128979567e-191,0.11600807,0.4240419,1.3171136,0.24659865,0.12932436,0.31576848,0.7328566,0.27180687,0.59071094,1.6102891,0.1934051,0.060178655383168696,0.15208333333333293,0.4851013110846577,0.1083123425692694,0.06030312802321817,0.14966464869752225,0.28686635944700456,0.12159581951562276,0.28512106305498214,0.5045783132530147,0.07134637514384355
17028007,HSPA1B,NM_005346 ,2661.596446014619,1875.8700604162864,0.7047913154622476,0.003880681045172633,-0.50473194761079,down_in_suicide,HSPA1B,HSPA1B,Hspa1b,HSPA1B,Pericytes,Pericytes;Endothelial;Oligodendrocytes;Macrophages,2.7742483615875244,2.589857790085471e-134,0.09273525,0.46041876,1.2452167,0.1803864,0.11926921,0.31060478,0.60921544,0.19656311,0.64227235,1.42113,0.13979033,0.04654442877291954,0.16388888888888845,0.4593265792610558,0.08060453400503771,0.055852950661076935,0.14637393554220582,0.2407834101382481,0.08762938398150785,0.3053727719925625,0.44674698795181,0.05350978135788266
16960560,P2RY14,NM_001081455 ,110.53365639921432,159.94935715344724,1.4470647435723856,0.010500322442586068,0.533129471379826,up_in_suicide,P2RY14,P2RY14,P2ry14,P2RY14,Pericytes,Pericytes;MHb,4.054252624511719,1.532482175886019e-141,0.10367944,0.028843913,0.039510302,0.08192568,0.10233432,0.11029988,0.053278364,0.014242083,0.024397131,0.8412544,0.017811848,0.05853314527503518,0.011111111111111108,0.020560190703218104,0.05037783375314859,0.05462753950338587,0.06784897887412068,0.029953917050691226,0.0058285599437242494,0.01462978342809681,0.36481927710843587,0.006904487917146144
16862001,PLEKHG2,NM_022835 ,80.42357730657939,98.92686609456456,1.2300729389026002,0.016531111142603472,0.2987438647296931,up_in_suicide,PLEKHG2,PLEKHG2,Plekhg2,PLEKHG2,Pericytes,Pericytes;Endothelial,3.9126837253570557,2.270960338055654e-16,0.018622125,0.0037829145,0.0975749,0.070630595,0.0038253008,0.004663043,0.031238664,0.018705636,0.009345087,0.19944604,0.0041230028,0.01081335213916313,0.001388888888888889,0.06734207389749698,0.0415617128463476,0.0019348597226701075,0.0023612750885478153,0.020737327188940086,0.013164506079790993,0.007921804127004424,0.11951807228915688,0.0017261219792865361
17094814,TMEM2,NM_013390 ,91.1671785624726,118.12917201498968,1.2957423261052363,0.018885919612229744,0.37377884954147894,up_in_suicide,TMEM2,TMEM2,Tmem2,TMEM2,Pericytes,Pericytes;MHb,1.306024432182312,6.658397345093596e-05,0.042373676,0.03149676,0.10304671,0.11151588,0.090367496,0.12925327,0.07499378,0.032945164,0.033740807,0.20524743,0.029827513,0.02374236013164078,0.012499999999999995,0.06093563766388554,0.06171284634760701,0.04740406320541749,0.07699263985530526,0.044930875576036866,0.016681740528590117,0.01999616686897072,0.10795180722891583,0.011507479861910244
17095887,ASPN,NM_017680 ,31.96228329046864,39.63151429041494,1.2399462807537691,0.033501428974304415,0.31027761886301897,up_in_suicide,ASPN,ASPN,Aspn,ASPN,Pericytes,Pericytes,7.289106369018555,1.476954190227538e-95,0.0069602593,0.0,0.015724394,0.011379087,0.0033575296,0.004554467,0.0013350819,0.002958329,0.0042219833,0.57541394,0.0032399471,0.004231311706629055,0.0,0.00953516090584028,0.005037783375314861,0.0017413737504030967,0.0023612750885478153,0.001152073732718894,0.0014068937795196463,0.0024276496518239295,0.2713253012048207,0.0011507479861910242
16688339,WLS,NM_024911 ,679.8988889236055,516.8073807507988,0.7601238789623439,0.03536081865872131,-0.39569353817231806,down_in_suicide,WLS,WLS,Wls,WLS,Pericytes,Pericytes;Astrocytes;Fibroblasts;Oligodendrocytes;MHb,1.098352313041687,5.845424696080168e-30,0.73103964,0.26022863,0.31073067,0.65655404,0.28456295,0.4778727,0.35739693,0.25126582,0.5175734,0.7538863,0.23711886,0.34884814292430605,0.10069444444444421,0.17267580452920575,0.29974811083123465,0.13150596581747792,0.23303775528145523,0.190092165898617,0.12239975881820536,0.3468983581421753,0.3595180722891587,0.09436133486766406
16904488,SLC38A11,ENST00000409662 ,70.11692045542087,105.50584082348846,1.5047129870823015,0.03599486861649051,0.5894883297749264,up_in_suicide,SLC38A11,SLC38A11,Slc38a11,SLC38A11,Pericytes,Pericytes,7.39021635055542,6.20470138945204e-184,0.0006695818,0.003344317,0.034845464,0.01335234,0.009678717,0.0064100623,0.0040194336,0.0028518792,0.0032286623,0.83414674,0.004884956,0.00023507287259050304,0.001388888888888889,0.017878426698450526,0.006297229219143576,0.004901644630764263,0.002913913939059009,0.002304147465437788,0.0012059089538739825,0.0017249089631380555,0.3768674698795203,0.0017261219792865361
16869769,NOTCH3,NM_000435 ,137.88120751776114,166.21687542414836,1.2055078310997325,0.04111206804460811,0.26964102286250674,up_in_suicide,NOTCH3,NOTCH3,Notch3,NOTCH3,Pericytes,Pericytes;Astrocytes,6.20872688293457,1.0844160695719415e-261,0.11992848,0.008727506,0.059868682,0.018756842,0.02260843,0.024293246,0.012941316,0.008811904,0.008869869,1.0766878,0.0017250347,0.0684062059238363,0.0034722222222222225,0.02935041716328961,0.008816120906801006,0.011867139632376629,0.014795649225049676,0.00576036866359447,0.003718219274444776,0.00472752826934134,0.4568674698795209,0.0005753739930955121
16720085,IFITM1,ENST00000408968 ,307.5155848770946,394.7841823142364,1.2837859338804587,0.04825682223171281,0.36040465894315327,up_in_suicide,IFITM1,IFITM1,Ifitm1,IFITM1,Pericytes,Pericytes;Fibroblasts;Endothelial,6.596202373504639,3.3184882476413127e-159,0.0054190597,0.014747735,0.065070085,0.43024653,0.006017244,0.010739177,0.069000594,0.010542956,0.0045478838,0.96131074,0.012590634,0.002820874471086037,0.005555555555555556,0.03456495828367102,0.1813602015113354,0.002837794259916155,0.00479791002034717,0.025345622119815656,0.0044216661642046,0.002810962754743497,0.3537349397590382,0.004602991944764097
16926200,SIK1,NM_173354 ,104.73789761929626,127.9516375723718,1.2216364895680203,0.04920035854258049,0.28881506034875004,up_in_suicide,SIK1,SIK1,Sik1,SIK1,Pericytes,Pericytes;Endothelial,2.3862931728363037,2.110163595495546e-33,0.06538605,0.057715792,0.3066607,0.09825723,0.060063872,0.10202228,0.13012812,0.03222993,0.04808385,0.40152946,0.03348253,0.03949224259520446,0.022222222222222223,0.18235995232420069,0.05919395465994958,0.032763624637213724,0.06385490718179006,0.09101382488479254,0.016078786051653124,0.034562064779914366,0.21108433734939855,0.012658227848101269
16730429,ARHGAP42,NM_152432 ,242.1422748412811,189.03831483108837,0.7806910831865222,0.049714305065616554,-0.35717630313831805,down_in_suicide,ARHGAP42,ARHGAP42,Arhgap42,ARHGAP42,Pericytes,Pericytes;Astrocytes,4.52197265625,8.447065135613708e-119,0.3174412,0.018172877,0.04416022,0.14510837,0.05196333,0.028393697,0.013398264,0.013294139,0.015817108,0.69825786,0.026818406,0.16972261401034297,0.006944444444444445,0.025476758045291998,0.07304785894206543,0.02676555949693641,0.014996608807053747,0.0069124423963133645,0.0059290523565470815,0.009071743435763118,0.32096385542168854,0.010356731875719219
16728261,CCND1,ENST00000227507 ,297.172338913571,357.31364935060503,1.2023785613994356,0.029419284256384928,0.26589119111470794,up_in_suicide,CCND1,CCND1,Ccnd1,CCND1,Polydendrocytes,Polydendrocytes;Microglia;Macrophages;Endothelial,4.389212608337402,7.166670101215776e-84,0.028315345,0.02802674,0.15644148,0.044683255,0.026134873,0.032062516,0.2583505,0.2232156,0.026158288,0.10683684,0.8489867,0.014104372355430168,0.011111111111111108,0.08879618593563761,0.020151133501259445,0.01302805546597869,0.015247808284558835,0.1370967741935481,0.10561752587679356,0.016674119977001158,0.05445783132530107,0.30034522439585515
16745002,MPZL2,NM_005797 ,20.17322972326013,28.38425481951669,1.407025806422513,0.0007706246078649708,0.4926487894531616,up_in_suicide,MPZL2,MPZL2,Mpzl2,MPZL2,not_celltype_enriched,,,,0.000491514,0.0015328074,0.0,0.06519843,0.00039439608,0.0003571865,0.0011868051,0.00016138349,0.0,0.0,0.0014415485,0.00023507287259050304,0.0006944444444444445,0.0,0.03400503778337532,0.00019348597226701063,0.00020095958200406943,0.001152073732718894,0.00010049241282283188,0.0,0.0,0.0005753739930955121
16807511,PPP1R14D,NM_017726 ,35.15257097553355,43.074636955847566,1.2253623493379142,0.001432643894216822,0.2932084286508544,up_in_suicide,PPP1R14D,PPP1R14D,Ppp1r14d,PPP1R14D,not_celltype_enriched,,,,0.0,0.0,0.0,0.0,0.00040178365,0.0002576611,0.0,0.00016600132,0.00018797566,0.00093523593,0.0,0.0,0.0,0.0,0.0,0.0002579812963560142,0.00015071968650305208,0.0,0.00020098482564566376,0.0001277710343065227,0.00048192771084337347,0.0
16954401,HYAL1,NR_047690 ,54.94423741050347,68.21725081132912,1.2415724382824591,0.0023760103615561115,0.31216843654669624,up_in_suicide,HYAL1,HYAL1,Hyal1,HYAL1,not_celltype_enriched,,,,0.02389738,0.0069459868,0.024585348,0.026028074,0.0040585776,0.010190474,0.025411544,0.01287328,0.019626686,0.02646477,0.0027126619,0.017160319699106703,0.002777777777777778,0.01772943980929677,0.013853904282115866,0.0024508223153821345,0.007611344168404157,0.020737327188940086,0.008843332328409212,0.01910176962882507,0.015903614457831332,0.0011507479861910242
16674269,TEX35,ENST00000419909 ,88.56013006839166,106.61175000139544,1.2038346140533354,0.0032606925041099265,0.2676372044944728,up_in_suicide,TEX35,TEX35,Tex35,TEX35,not_celltype_enriched,,,,0.0,0.0,0.00065350067,0.0,0.0014805952,0.00048124115,0.0,0.0,7.2498195e-05,0.0,0.0,0.0,0.0,0.0002979737783075089,0.0,0.0008384392131570463,0.0003014393730061042,0.0,0.0,6.388551715326135e-05,0.0,0.0
17008397,TSPO2,NM_001010873 ,51.58725381396497,68.86559126266215,1.334934236100388,0.003692273694225365,0.41676867105979015,up_in_suicide,TSPO2,TSPO2,Tspo2,TSPO2,not_celltype_enriched,,,,0.0009450619,0.0,0.00012521217,0.0,0.00017293057,0.0003055142,0.0,0.0015601603,0.00027179494,0.0,0.0,0.0004701457451810061,0.0,0.00014898688915375446,0.0,0.0001289906481780071,0.00015071968650305208,0.0,0.0009044317154054869,0.0001277710343065227,0.0,0.0
16748835,PIK3C2G,NM_004570 ,25.42618156759529,19.77546944665841,0.7777600971693484,0.004685739390399737,-0.3626028754053169,down_in_suicide,PIK3C2G,PIK3C2G,Pik3c2g,PIK3C2G,not_celltype_enriched,,,,0.0011849658,0.0019727603,0.00151061,0.0,0.004312622,0.0011046133,0.0,0.00078095554,0.00119678,0.0,0.0015576049,0.0007052186177715092,0.0006944444444444445,0.0005959475566150178,0.0,0.002515317639471138,0.0006531186415132261,0.0,0.00030147723846849563,0.0007027406886858749,0.0,0.0005753739930955121
16859795,GDF15,NM_004864 ,82.95048243696012,101.4030255713116,1.2224525113325877,0.008433015747461374,0.28977842182724745,up_in_suicide,GDF15,GDF15,Gdf15,GDF15,not_celltype_enriched,,,,0.0032112815,0.0019769936,0.0033581937,0.011462571,0.00082144985,0.0018797561,0.04182505,0.007825416,0.0020342546,0.012792862,0.0030603916,0.0016455101081335214,0.0006944444444444445,0.0017878426698450531,0.007556675062972291,0.00038697194453402126,0.001105277701022382,0.0184331797235023,0.003115264797507786,0.001597137928831533,0.007710843373493977,0.0011507479861910242
16733421,TMEM45B,NM_138788 ,66.95957086460442,86.61821194866909,1.2935897113769654,0.00901312837717999,0.37138010943097016,up_in_suicide,TMEM45B,TMEM45B,Tmem45b,TMEM45B,not_celltype_enriched,,,,0.000408016,0.0,0.0007612339,0.0,0.001217566,0.001190319,0.0,0.00072967086,0.0011891811,0.0019733624,0.0,0.00023507287259050304,0.0,0.0005959475566150178,0.0,0.0008384392131570463,0.0007787183802657696,0.0,0.0004019696512913275,0.0008305117229923976,0.0009638554216867469,0.0
16877493,KCNS3,NM_002252 ,47.95508836137898,62.35681318893412,1.3003169281855331,0.009362056514278957,0.37886329632780363,up_in_suicide,KCNS3,KCNS3,Kcns3,KCNS3,not_celltype_enriched,,,,0.0078815725,0.0032809603,0.0016803516,0.007232488,0.0073430534,0.0019895546,0.001063543,0.00067886297,0.0009339713,0.016637316,0.0015508907,0.004701457451810061,0.001388888888888889,0.0010429082240762813,0.005037783375314861,0.003934214769429212,0.0010550378055213649,0.001152073732718894,0.00030147723846849563,0.0006388551715326135,0.010120481927710846,0.0005753739930955121
16854466,DSC3,NM_001941 ,24.126269769729515,29.06270922643938,1.204608482945153,0.009664452541736136,0.2685643236382361,up_in_suicide,DSC3,DSC3,Dsc3,DSC3,not_celltype_enriched,,,,0.0,0.0,0.00030773587,0.0,0.00046369765,0.00022210955,0.0,0.0006162481,0.00030454836,0.0,0.0015990655,0.0,0.0,0.00014898688915375446,0.0,0.00019348597226701063,0.00015071968650305208,0.0,0.00030147723846849563,0.00019165655145978404,0.0,0.0005753739930955121
16973061,KLKB1,ENST00000264690 ,134.4449814267621,95.16814282564141,0.7078593921148594,0.009736672294559276,-0.498465280404754,down_in_suicide,KLKB1,KLKB1,Klkb1,KLKB1,not_celltype_enriched,,,,0.0025448257,0.0,0.0018610025,0.0,0.0013920115,0.003341628,0.0027215485,0.002065843,0.0011174243,0.0038265288,0.0,0.0016455101081335214,0.0,0.0011918951132300357,0.0,0.0005804579168010319,0.001733276394785097,0.001152073732718894,0.000803939302582655,0.0005749696543793522,0.0014457831325301205,0.0
16808209,STRC,ENST00000450892 ,57.95124280575154,74.89513886274365,1.2923819272312562,0.01036161079268599,0.37003248109803455,up_in_suicide,STRC,STRC,Strc,STRC,not_celltype_enriched,,,,0.0,0.0,0.0,0.0,0.00029698564,0.0004264209,0.0,0.0,0.00085307367,0.00050130853,0.0,0.0,0.0,0.0,0.0,0.0002579812963560142,0.0003516792685071216,0.0,0.0,0.0006388551715326135,0.00048192771084337347,0.0
16908928,PAX3,ENST00000350526 ,119.43988059391232,81.00804788101604,0.6782328270775658,0.011072096524641403,-0.5601474810992583,down_in_suicide,PAX3,PAX3,Pax3,PAX3,not_celltype_enriched,,,,0.022441173,0.0020221374,0.0013720702,0.0,0.0007036688,0.0010764302,0.0,0.0006727886,0.0005922302,0.00064591377,0.005566839,0.013164080865068158,0.0006944444444444445,0.0005959475566150178,0.0,0.0003224766204450177,0.0005023989550101738,0.0,0.00030147723846849563,0.00038331310291956814,0.00048192771084337347,0.0023014959723820483
16812215,ADAMTS7,NM_014272 ,64.62276624857326,79.94229253936244,1.237060825156605,0.01658524322229029,0.30691643806239366,up_in_suicide,ADAMTS7,ADAMTS7,Adamts7,ADAMTS7,not_celltype_enriched,,,,0.00045427555,0.0,0.00020804428,0.0050436156,0.00069667806,0.0015254952,0.0,0.0002607402,0.00034422555,0.004500257,0.0,0.00023507287259050304,0.0,0.0002979737783075089,0.0025188916876574307,0.00038697194453402126,0.000979677962269839,0.0,0.00010049241282283188,0.0002555420686130454,0.003373493975903614,0.0
16902279,TFCP2L1,NM_014553 ,74.74153734966522,96.59234551288095,1.2923516017738648,0.019389553730581616,0.36999862817934687,up_in_suicide,TFCP2L1,TFCP2L1,Tfcp2l1,TFCP2L1,not_celltype_enriched,,,,0.008743816,0.0,0.0030609327,0.008034356,0.00152007,0.0009265072,0.0,0.0009015358,0.00034453764,0.0,0.0,0.004466384579219558,0.0,0.0017878426698450531,0.003778337531486146,0.0007739438890680427,0.0005526388505111912,0.0,0.0004019696512913275,0.0002555420686130454,0.0,0.0
16844828,KRT17,NM_000422 ,73.91978835647157,93.07832375654488,1.259180062958013,0.02345226647977046,0.33248460343952413,up_in_suicide,KRT17,KRT17,Krt17,KRT17,not_celltype_enriched,,,,0.0,0.0,0.0,0.0,0.00072666106,0.00056262675,0.0,0.0,0.0,0.0,0.0,0.0,0.0,0.0,0.0,0.0005804579168010319,0.0005275189027606825,0.0,0.0,0.0,0.0,0.0
17100695,UIMC1,AF284753 ,276.2674344439456,421.075525524985,1.5241591046461929,0.027010668489343866,0.6080135114289971,up_in_suicide,UIMC1,UIMC1,Uimc1,UIMC1,not_celltype_enriched,,,,0.1603243,0.0640072,0.1468968,0.14350268,0.11608981,0.13249643,0.13440894,0.09398296,0.14369574,0.1308685,0.035621937,0.09214856605547707,0.02569444444444445,0.09058402860548266,0.07556675062972286,0.06114156723637521,0.08045919264487524,0.08640552995391698,0.05195457742940419,0.11224685363828374,0.07518072289156617,0.014384349827387807
16693219,LINGO4,NM_001004432 ,48.409569274744335,62.23035625137838,1.2854970036646136,0.02903088076410127,0.3623262474308138,up_in_suicide,LINGO4,LINGO4,Lingo4,LINGO4,not_celltype_enriched,,,,0.004237657,0.0,0.00039467379,0.0036326796,0.0014117431,0.0021340703,0.0,0.00052524346,0.0006778596,0.0,0.0046086954,0.002350728725905031,0.0,0.00014898688915375446,0.0012594458438287153,0.0007739438890680427,0.0012559973875254336,0.0,0.00020098482564566376,0.0006388551715326135,0.0,0.0017261219792865361
17066573,PIWIL2,ENST00000356766 ,52.568203442084794,67.92181725453244,1.2920703544560537,0.030619612849348735,0.3696846282837083,up_in_suicide,PIWIL2,PIWIL2,Piwil2,PIWIL2,not_celltype_enriched,,,,0.01582494,0.0,0.0018453179,0.003018875,0.0066978615,0.0062977346,0.005006363,0.004028624,0.002634353,0.0024742344,0.0028719206,0.00893276915843911,0.0,0.00134088200238379,0.0012594458438287153,0.0034827475008061886,0.0037428722148258,0.003456221198156682,0.002713295146216459,0.0023637641346706682,0.0014457831325301205,0.0011507479861910242
16979985,MGARP,NM_032623 ,118.43951083670048,98.23915007879445,0.82944575999003,0.031514997238568036,-0.26978045288875363,down_in_suicide,MGARP,MGARP,Mgarp,MGARP,not_celltype_enriched,,,,0.0,0.0014969863,0.00097193534,0.0,0.0005563885,0.0012367794,0.0,0.00042279248,0.000780519,0.0027715755,0.0019291855,0.0,0.0006944444444444445,0.0005959475566150178,0.0,0.0003224766204450177,0.0007284784847647522,0.0,0.00020098482564566376,0.0006388551715326135,0.0014457831325301205,0.0005753739930955121
16695853,RXRG,NM_006917 ,156.10604431732048,117.98549625055652,0.7558035101493225,0.032615019878851195,-0.40391687602055315,down_in_suicide,RXRG,RXRG,Rxrg,RXRG,not_celltype_enriched,,,,0.027511116,0.0,0.0011242221,0.0,0.0069254306,0.0019407595,0.0055576963,0.0033948927,0.00085607904,0.0,0.005711327,0.016690173953925698,0.0,0.0004469606674612634,0.0,0.004256691389874229,0.000979677962269839,0.002304147465437788,0.0015073861923424782,0.0005749696543793522,0.0,0.0023014959723820483
17056391,CRHR2,NM_001202481 ,107.91040403854169,140.48068512916282,1.3018270701589465,0.033209566046786376,0.3805378190152959,up_in_suicide,CRHR2,CRHR2,Crhr2,CRHR2,not_celltype_enriched,,,,0.0,0.0018550789,0.0017079699,0.0,0.009836665,0.0014595472,0.0,0.0012564447,0.0011386682,0.00834482,0.0,0.0,0.0006944444444444445,0.0008939213349225268,0.0,0.006191551112544331,0.0007033585370142435,0.0,0.0005024620641141594,0.0005749696543793522,0.004337349397590361,0.0
16967071,ARL9,NM_206919 ,30.612199644017423,23.233086318045387,0.7589486083397425,0.0378870336659816,-0.39792589699838976,down_in_suicide,ARL9,ARL9,Arl9,ARL9,not_celltype_enriched,,,,0.005985572,0.0016601764,0.0030663304,0.0031751252,0.0010541897,0.0013340133,0.0031324243,0.0015027499,0.0010415049,0.0,0.0,0.003996238834038553,0.0006944444444444445,0.002234803337306316,0.0012594458438287153,0.0006449532408900355,0.0009043181190183131,0.001152073732718894,0.0010049241282283187,0.0010860537916054429,0.0,0.0
17016503,HIST1H3I,NM_003533 ,145.95035565662428,84.91828809515788,0.5818299497326622,0.04064337163733825,-0.7813305337212418,down_in_suicide,HIST1H3I,HIST1H3I,Hist1h3i,HIST1H3I,not_celltype_enriched,,,,0.0008173587,0.0,0.0007108961,0.0,0.0007215709,0.0012055937,0.00063149864,0.0021039364,0.001401222,0.0,0.003029244,0.0007052186177715092,0.0,0.0005959475566150178,0.0,0.0005159625927120283,0.0010550378055213649,0.001152073732718894,0.0012059089538739825,0.0012777103430652267,0.0,0.0011507479861910242
17056310,FKBP14,NR_046478 ,152.36758934596008,126.78370742715038,0.8320910501463673,0.04654815154030962,-0.2651866934349569,down_in_suicide,FKBP14,FKBP14,Fkbp14,FKBP14,not_celltype_enriched,,,,0.049257815,0.021280514,0.030404596,0.07316266,0.03067899,0.039508287,0.016683757,0.014586469,0.03528592,0.024476245,0.029991698,0.03244005641748938,0.008333333333333333,0.01936829558998807,0.04408060453400502,0.016575298290873876,0.02635082519028299,0.008064516129032258,0.007034468897598235,0.0293234523733468,0.012048192771084341,0.011507479861910244
17112235,ZDHHC15,NM_144969 ,190.4249780872954,149.39576830485163,0.7845387186357716,0.046861094501490425,-0.350083445902516,down_in_suicide,ZDHHC15,ZDHHC15,Zdhhc15,ZDHHC15,not_celltype_enriched,,,,0.023991883,0.008915158,0.013492632,0.008671864,0.02710218,0.018353995,0.002050907,0.0042290627,0.0133487545,0.01692818,0.017562184,0.013869299482839666,0.0034722222222222225,0.007896305125148982,0.005037783375314861,0.01418897129958075,0.012308774397749304,0.001152073732718894,0.0018088634308109739,0.011179965501820726,0.008674698795180725,0.006904487917146144
