human_marker_gene,human_cluster,mouse_region,mean_expr_z,pct_expr
LHb.1: Tox,LHb.1,Hbx,-0.7069048,2.0034845
LHb.1: Tox,LHb.1,Lateral,-0.4671495,3.6274512
LHb.1: Tox,LHb.1,Marginal,-0.55156726,2.349173
LHb.1: Tox,LHb.1,Oval/Medial,1.7256217,14.113973
LHb.1: Htr7,LHb.1,Hbx,-0.11504858,4.1811867
LHb.1: Htr7,LHb.1,Lateral,-1.2301025,2.9411764
LHb.1: Htr7,LHb.1,Marginal,-0.21300946,3.043247
LHb.1: Htr7,LHb.1,Oval/Medial,1.5581603,5.347218
LHb.1: Grik4,LHb.1,Hbx,0.4827994,24.303078
LHb.1: Grik4,LHb.1,Lateral,1.2626444,28.921627
LHb.1: Grik4,LHb.1,Marginal,-1.4425018,6.2466545
LHb.1: Grik4,LHb.1,Oval/Medial,-0.30294228,14.907779
LHb.1: Neat1,LHb.1,Hbx,1.6256676,5.836241
LHb.1: Neat1,LHb.1,Lateral,-0.7385054,4.4117646
LHb.1: Neat1,LHb.1,Marginal,-0.9005191,3.4703684
LHb.1: Neat1,LHb.1,Oval/Medial,0.013356311,4.1870403
LHb.1: Syt2,LHb.1,Hbx,-0.7398819,0.87108004
LHb.1: Syt2,LHb.1,Lateral,-0.7855043,0.6862745
LHb.1: Syt2,LHb.1,Marginal,1.6770055,4.1110497
LHb.1: Syt2,LHb.1,Oval/Medial,-0.15161934,1.8754352
LHb.1: Ndst4,LHb.1,Hbx,1.7066435,51.6553
LHb.1: Ndst4,LHb.1,Lateral,-0.29100025,18.72549
LHb.1: Ndst4,LHb.1,Marginal,-0.7258169,6.193264
LHb.1: Ndst4,LHb.1,Oval/Medial,-0.68982613,7.5628953
LHb.2: Gnb4,LHb.2,Hbx,1.7055572,10.278736
LHb.2: Gnb4,LHb.2,Lateral,-0.28515458,4.117647
LHb.2: Gnb4,LHb.2,Marginal,-0.690503,2.509344
LHb.2: Gnb4,LHb.2,Oval/Medial,-0.7299003,2.7390075
LHb.2: Dpyd,LHb.2,Hbx,0.9501284,13.763044
LHb.2: Dpyd,LHb.2,Lateral,0.45923367,10.294118
LHb.2: Dpyd,LHb.2,Marginal,-1.677591,1.975441
LHb.2: Dpyd,LHb.2,Oval/Medial,0.26822847,8.417763
LHb.2: Unc5d,LHb.2,Hbx,0.077741705,31.881567
LHb.2: Unc5d,LHb.2,Lateral,1.446733,39.608063
LHb.2: Unc5d,LHb.2,Marginal,-1.3700515,13.721287
LHb.2: Unc5d,LHb.2,Oval/Medial,-0.15442315,24.948112
LHb.2: Peg10,LHb.2,Hbx,-0.578277,2.526133
LHb.2: Peg10,LHb.2,Lateral,1.6694163,4.8039217
LHb.2: Peg10,LHb.2,Marginal,-0.16939564,1.6017089
LHb.2: Peg10,LHb.2,Oval/Medial,-0.9217434,1.1165382
LHb.2: Foxp2,LHb.2,Hbx,1.4939259,33.275314
LHb.2: Foxp2,LHb.2,Lateral,0.08436717,22.058825
LHb.2: Foxp2,LHb.2,Marginal,-1.296852,7.6347976
LHb.2: Foxp2,LHb.2,Oval/Medial,-0.2814412,17.036224
LHb.2: Ddr2,LHb.2,Hbx,0.94515485,0.26132405
LHb.2: Ddr2,LHb.2,Lateral,-1.377466,0.0
LHb.2: Ddr2,LHb.2,Marginal,-0.5291516,0.053390283
LHb.2: Ddr2,LHb.2,Oval/Medial,0.9614624,0.19190504
LHb.3: Adamts6,LHb.3,Hbx,0.883804,4.8780518
LHb.3: Adamts6,LHb.3,Lateral,-0.48013195,2.5490196
LHb.3: Adamts6,LHb.3,Marginal,-1.4073567,0.74746406
LHb.3: Adamts6,LHb.3,Oval/Medial,1.0036849,3.7770529
LHb.3: Plcxd3,LHb.3,Hbx,0.05282704,6.9686427
LHb.3: Plcxd3,LHb.3,Lateral,0.595182,7.647059
LHb.3: Plcxd3,LHb.3,Marginal,-1.6341158,2.7762954
LHb.3: Plcxd3,LHb.3,Oval/Medial,0.98610675,7.4669404
LHb.3: Ccbe1,LHb.3,Hbx,-0.86052895,0.0
LHb.3: Ccbe1,LHb.3,Lateral,-0.2036745,0.5882353
LHb.3: Ccbe1,LHb.3,Marginal,-0.6192761,0.21356113
LHb.3: Ccbe1,LHb.3,Oval/Medial,1.6834793,2.3551977
LHb.3: Grap2,LHb.3,Hbx,1.266989,0.17421603
LHb.3: Grap2,LHb.3,Lateral,-1.5230981,0.0
LHb.3: Grap2,LHb.3,Marginal,0.0015660541,0.053390283
LHb.3: Grap2,LHb.3,Oval/Medial,0.2545433,0.078506626
LHb.3: Colec12,LHb.3,Hbx,-0.5279767,0.87108004
LHb.3: Colec12,LHb.3,Lateral,-1.0815684,0.6862745
LHb.3: Colec12,LHb.3,Marginal,0.012634548,0.907635
LHb.3: Colec12,LHb.3,Oval/Medial,1.5969105,1.5701318
LHb.3: Tafa2,LHb.3,Hbx,-0.1530498,0.17421603
LHb.3: Tafa2,LHb.3,Lateral,-1.108354,0.0
LHb.3: Tafa2,LHb.3,Marginal,1.6181885,0.37373197
LHb.3: Tafa2,LHb.3,Oval/Medial,-0.35678458,0.113398455
LHb.4: Chrm3,LHb.4,Hbx,-0.5490453,12.630645
LHb.4: Chrm3,LHb.4,Lateral,-0.10937133,14.705883
LHb.4: Chrm3,LHb.4,Marginal,-0.98794305,7.741578
LHb.4: Chrm3,LHb.4,Oval/Medial,1.6463602,21.694382
LHb.4: Arpp21,LHb.4,Hbx,-0.72841513,3.484322
LHb.4: Arpp21,LHb.4,Lateral,-0.39046565,7.745098
LHb.4: Arpp21,LHb.4,Marginal,-0.60050976,4.751731
LHb.4: Arpp21,LHb.4,Oval/Medial,1.7193907,28.053549
LHb.4: Sez6l,LHb.4,Hbx,-1.1746415,2.9616735
LHb.4: Sez6l,LHb.4,Lateral,-0.63931084,7.54902
LHb.4: Sez6l,LHb.4,Marginal,1.439069,21.035835
LHb.4: Sez6l,LHb.4,Oval/Medial,0.374883,15.919663
LHb.4: Hs3st4,LHb.4,Hbx,-1.072984,3.6585383
LHb.4: Hs3st4,LHb.4,Lateral,0.8380907,11.176471
LHb.4: Hs3st4,LHb.4,Marginal,-0.9117851,3.0966372
LHb.4: Hs3st4,LHb.4,Oval/Medial,1.1466783,10.52004
LHb.4: Epha3,LHb.4,Hbx,0.11239561,13.066183
LHb.4: Epha3,LHb.4,Lateral,0.2850906,11.862745
LHb.4: Epha3,LHb.4,Marginal,-1.582035,4.1644397
LHb.4: Epha3,LHb.4,Oval/Medial,1.1845487,14.10525
LHb.4: Rph3a,LHb.4,Hbx,-0.85029685,1.7421603
LHb.4: Rph3a,LHb.4,Lateral,-0.748784,2.2549021
LHb.4: Rph3a,LHb.4,Marginal,-0.04830072,3.6839287
LHb.4: Rph3a,LHb.4,Oval/Medial,1.6473818,10.136221
LHb.5: Sema3d,LHb.5,Hbx,1.7157563,40.853817
LHb.5: Sema3d,LHb.5,Lateral,-0.3788412,8.823529
LHb.5: Sema3d,LHb.5,Marginal,-0.5710757,4.644951
LHb.5: Sema3d,LHb.5,Oval/Medial,-0.7658396,2.2592452
LHb.5: Npnt,LHb.5,Hbx,-1.699833,0.34843206
LHb.5: Npnt,LHb.5,Lateral,0.48509368,1.372549
LHb.5: Npnt,LHb.5,Marginal,0.8684314,1.0678059
LHb.5: Npnt,LHb.5,Oval/Medial,0.34630838,0.9944168
LHb.5: Trpc4,LHb.5,Hbx,1.0679653,18.815292
LHb.5: Trpc4,LHb.5,Lateral,0.9012049,17.058825
LHb.5: Trpc4,LHb.5,Marginal,-1.217396,2.4559536
LHb.5: Trpc4,LHb.5,Oval/Medial,-0.7517737,5.7572055
LHb.5: Trhde,LHb.5,Hbx,-1.1200563,3.222998
LHb.5: Trhde,LHb.5,Lateral,1.4571413,11.078431
LHb.5: Trhde,LHb.5,Marginal,-0.70018154,3.6839287
LHb.5: Trhde,LHb.5,Oval/Medial,0.36309576,7.0220604
LHb.5: Il1rapl2,LHb.5,Hbx,-0.53916097,12.107998
LHb.5: Il1rapl2,LHb.5,Lateral,1.4547569,26.862774
LHb.5: Il1rapl2,LHb.5,Marginal,-1.2238902,5.8729234
LHb.5: Il1rapl2,LHb.5,Oval/Medial,0.30829453,17.315365
LHb.5: Sox6,LHb.5,Hbx,-0.28154,5.7491326
LHb.5: Sox6,LHb.5,Lateral,-0.9637208,5.294118
LHb.5: Sox6,LHb.5,Marginal,-0.43006074,5.125462
LHb.5: Sox6,LHb.5,Oval/Medial,1.6753224,7.5890646
LHb.6: Tacr3,LHb.6,Hbx,-1.3852345,0.26132405
LHb.6: Tacr3,LHb.6,Lateral,0.0026156877,0.5882353
LHb.6: Tacr3,LHb.6,Marginal,1.4408303,0.6940738
LHb.6: Tacr3,LHb.6,Oval/Medial,-0.058211192,0.5495462
LHb.6: Mme,LHb.6,Hbx,-0.4148337,10.88849
LHb.6: Mme,LHb.6,Lateral,1.5375334,20.09804
LHb.6: Mme,LHb.6,Marginal,0.08425227,9.9305725
LHb.6: Mme,LHb.6,Oval/Medial,-1.2069522,4.666813
LHb.6: Dgkk,LHb.6,Hbx,1.2657025,1.5679442
LHb.6: Dgkk,LHb.6,Lateral,-0.61656815,0.7843138
LHb.6: Dgkk,LHb.6,Marginal,-1.2745231,0.4805126
LHb.6: Dgkk,LHb.6,Oval/Medial,0.62538826,0.959525
LHb.6: Abca13,LHb.6,Hbx,-0.23082322,0.087108016
LHb.6: Abca13,LHb.6,Lateral,1.6609938,0.19607845
LHb.6: Abca13,LHb.6,Marginal,-0.9969606,0.053390283
LHb.6: Abca13,LHb.6,Oval/Medial,-0.43320978,0.08722959
LHb.6: Ccdc68,LHb.6,Hbx,-0.74767834,0.0
LHb.6: Ccdc68,LHb.6,Lateral,-0.74767834,0.0
LHb.6: Ccdc68,LHb.6,Marginal,1.6850299,0.10678057
LHb.6: Ccdc68,LHb.6,Oval/Medial,-0.18967308,0.026168875
LHb.7: Chrm2,LHb.7,Hbx,-0.92735434,3.397214
LHb.7: Chrm2,LHb.7,Lateral,1.683837,46.37287
LHb.7: Chrm2,LHb.7,Marginal,-0.2819162,13.721287
LHb.7: Chrm2,LHb.7,Oval/Medial,-0.47456685,11.915742
LHb.7: Col25a1,LHb.7,Hbx,-1.1589783,17.247353
LHb.7: Col25a1,LHb.7,Lateral,1.5943564,39.411983
LHb.7: Col25a1,LHb.7,Marginal,-0.11772844,22.423998
LHb.7: Col25a1,LHb.7,Oval/Medial,-0.31764972,22.400955
LHb.7: Caln1,LHb.7,Hbx,-1.2412183,1.2195121
LHb.7: Caln1,LHb.7,Lateral,0.94333595,8.823529
LHb.7: Caln1,LHb.7,Marginal,-0.72427225,2.5627344
LHb.7: Caln1,LHb.7,Oval/Medial,1.0221545,7.981606
LHb.7: Nckap5,LHb.7,Hbx,-0.3136262,3.8327546
LHb.7: Nckap5,LHb.7,Lateral,-0.7344609,2.4509804
LHb.7: Nckap5,LHb.7,Marginal,-0.6618624,2.0822215
LHb.7: Nckap5,LHb.7,Oval/Medial,1.7099495,6.3503785
LHb.7: Slc2a13,LHb.7,Hbx,0.98549914,54.4427
LHb.7: Slc2a13,LHb.7,Lateral,1.0021082,53.921883
LHb.7: Slc2a13,LHb.7,Marginal,-0.836873,28.8309
LHb.7: Slc2a13,LHb.7,Oval/Medial,-1.1507344,27.60867
LHb.7: Ccdc85a,LHb.7,Hbx,-0.17140076,30.662039
LHb.7: Ccdc85a,LHb.7,Lateral,1.4566239,48.82389
LHb.7: Ccdc85a,LHb.7,Marginal,-1.3577844,9.022941
LHb.7: Ccdc85a,LHb.7,Oval/Medial,0.07256097,29.231173
