probe_set_id,human_gene,gene_accession,control_mean,suicide_mean,ratio_s_to_c,p_value,log2_ratio_s_to_c,direction,human_gene_original,human_gene_upper
16815072,ABCA17P,NR_003574 ,84.22866524152886,69.69572945205641,0.8274585528834071,0.021045827735010687,-0.2732410452600896,down_in_suicide,ABCA17P,ABCA17P
17059491,ABCB1,NM_000927 ,108.14755127314776,148.4811105277853,1.372949352803812,0.00805993755880002,0.4572784063979906,up_in_suicide,ABCB1,ABCB1
16977868,ABCG2,NM_004827 ,262.4444722198306,392.6701358611816,1.4962027301998977,0.024425198234788534,0.5813056685666435,up_in_suicide,ABCG2,ABCG2
16709268,ACSL5,NM_016234 ,92.81783790101304,126.383774038343,1.361632385502524,0.04962647451929085,0.4453372560673692,up_in_suicide,ACSL5,ACSL5
16812215,ADAMTS7,NM_014272 ,64.62276624857326,79.94229253936244,1.237060825156605,0.01658524322229029,0.30691643806239366,up_in_suicide,ADAMTS7,ADAMTS7
16791319,ADCY4,NM_001198568 ,81.55226713461332,99.43870174689167,1.219324799183747,0.015707874884787004,0.2860824768654405,up_in_suicide,ADCY4,ADCY4
16978184,ADH4,NM_000670 ,15.229105553003487,18.285807526469576,1.2007144781305454,0.010112671455461733,0.26389312859785763,up_in_suicide,ADH4,ADH4
16968213,ANXA3,NM_005139 ,105.54641006664664,151.75572170347928,1.437810358567895,0.0229937638159186,0.5238734026229143,up_in_suicide,ANXA3,ANXA3
17000928,ARAP3,NM_022481 ,67.929140385149,85.51870181949167,1.2589398501822966,4.914287507169378e-07,0.3322093554026638,up_in_suicide,ARAP3,ARAP3
16845929,ARHGAP27,ENST00000528273 ,129.62681988271865,156.76338818030885,1.2093437787191132,0.04813069754457007,0.2742244160944401,up_in_suicide,ARHGAP27,ARHGAP27
16730429,ARHGAP42,NM_152432 ,242.1422748412811,189.03831483108837,0.7806910831865222,0.049714305065616554,-0.35717630313831805,down_in_suicide,ARHGAP42,ARHGAP42
16967071,ARL9,NM_206919 ,30.612199644017423,23.233086318045387,0.7589486083397425,0.0378870336659816,-0.39792589699838976,down_in_suicide,ARL9,ARL9
17095887,ASPN,NM_017680 ,31.96228329046864,39.63151429041494,1.2399462807537691,0.033501428974304415,0.31027761886301897,up_in_suicide,ASPN,ASPN
16806145,ATP10A,ENST00000356865 ,174.07062778621977,226.855120209077,1.3032360662689348,0.02429278356335857,0.3820984352401439,up_in_suicide,ATP10A,ATP10A
16855510,ATP8B1,NM_005603 ,76.58870281708418,94.71018646600164,1.2366077891695957,0.016911211787105133,0.3063879980156348,up_in_suicide,ATP8B1,ATP8B1
16830284,BCL6B,ENST00000293805 ,73.89725606505124,95.67607733860861,1.2947175907909978,0.007488306414469006,0.37263744555869793,up_in_suicide,BCL6B,BCL6B
16776652,C13orf35,NM_207440 ,40.768645039018466,50.00987124669946,1.2266748428562315,0.019236754299184717,0.2947528816281107,up_in_suicide,C13orf35,C13ORF35
16793488,C14orf149,ENST00000247194 ,145.00286757985936,119.65668797003909,0.825202218184678,0.03175978948602686,-0.2771803956216007,down_in_suicide,C14orf149,C14ORF149
16794263,C14orf162,NR_024630 ,110.34497064248689,86.20426047310467,0.781225097720157,0.010193883286130634,-0.35618979674460194,down_in_suicide,C14orf162,C14ORF162
16659788,C1orf64,ENST00000329454 ,51.916189513712695,64.36723824960453,1.2398297882128486,0.02587233948963119,0.31014207177607556,up_in_suicide,C1orf64,C1ORF64
16933555,C22orf31,ENST00000216071 ,29.201032652326106,23.44566582152794,0.8029053664189612,0.005796719805529607,-0.31669813883042386,down_in_suicide,C22orf31,C22ORF31
17068349,C8orf4,ENST00000315792 ,25.81528874877427,32.72300085564722,1.267582213551686,0.03163291471331503,0.3420793213799541,up_in_suicide,C8orf4,C8ORF4
16728261,CCND1,ENST00000227507 ,297.172338913571,357.31364935060503,1.2023785613994356,0.029419284256384928,0.26589119111470794,up_in_suicide,CCND1,CCND1
16931888,CCT8L2,NM_014406 ,20.42115503472921,24.848822629433233,1.2168176867162566,0.035536331133813145,0.28311302822138834,up_in_suicide,CCT8L2,CCT8L2
16848583,CD300LB,NM_174892 ,43.36312343601146,52.303415197993765,1.2061726889940247,0.015544601264676529,0.27043647416984135,up_in_suicide,CD300LB,CD300LB
16698801,CD34,NM_001773 ,213.7399008255914,294.7183468155332,1.3788644313820424,0.04413582456199587,0.4634806194426577,up_in_suicide,CD34,CD34
16965268,CD38,NM_001775 ,321.4430979583692,211.32758067062855,0.6574338724734355,0.026331114202692643,-0.6050823056572426,down_in_suicide,CD38,CD38
16994779,CDH10,NM_006727 ,344.35458526947997,286.56912444868874,0.8321919809037235,0.013723194039821352,-0.26501170841068783,down_in_suicide,CDH10,CDH10
16819794,CDH5,NM_001795 ,124.84792403802275,186.44394153962597,1.4933683757756675,0.0034554338687655486,0.5785700853326735,up_in_suicide,CDH5,CDH5
17114701,CDR1,NM_004065 ,322.03026638867976,439.9391734033058,1.3661423143137543,0.04432879221080776,0.4501077804509844,up_in_suicide,CDR1,CDR1
16660483,CELA3A,NM_005747 ,15.657945964763773,19.83664989721832,1.2668743359989996,0.0018966084658743416,0.34127342753927714,up_in_suicide,CELA3A,CELA3A
16877762,CENPO,ENST00000380834 ,137.24185652891114,112.4455637640644,0.8193241231794092,0.003357585212642589,-0.28749380248585626,down_in_suicide,CENPO,CENPO
17115077,CETN2,ENST00000370277 ,595.3950131216075,456.62861188668865,0.7669338872904261,0.0391114997370247,-0.3828258777709001,down_in_suicide,CETN2,CETN2
16675398,CFH,NM_000186 ,73.5653832576348,91.41611714695925,1.2426512729065655,0.048182142756527976,0.31342148751225296,up_in_suicide,CFH,CFH
16863963,CGB2//CGB1//CGB2//CGB1,ENST00000474913  //  ENST00000474913  //  ENST00000474913  //  ENST00000474913 ,68.85124288037292,83.14238050628751,1.2075654269705056,0.016838517636807878,0.27210135768112625,up_in_suicide,CGB2//CGB1//CGB2//CGB1,CGB2//CGB1//CGB2//CGB1
16716371,CH25H,NM_003956 ,127.60346366921632,83.34796936154763,0.6531795216594491,0.02150703734461231,-0.6144485343360123,down_in_suicide,CH25H,CH25H
16787650,CHGA,ENST00000216492 ,183.2763747453841,236.5755695205556,1.2908132313792064,0.029271711809708716,0.3682802712450001,up_in_suicide,CHGA,CHGA
16854425,CHST9,NM_031422 ,139.98416922144844,103.51779579778469,0.7394964471591379,0.04018399185044979,-0.4353848788384835,down_in_suicide,CHST9,CHST9
16873258,CKM,NM_001824 ,78.78983155963375,95.08576717634176,1.2068279027145028,0.0263474563957456,0.2712199581123951,up_in_suicide,CKM,CKM
16938647,CMTM8,NM_178868 ,88.8466594493547,107.77837180698494,1.2130829957475429,0.03724254067735586,0.2786782589969617,up_in_suicide,CMTM8,CMTM8
16904447,COBLL1,NM_014900 ,105.76835945472368,136.2181332475914,1.2878911420187278,0.02844059008236017,0.3650106559472726,up_in_suicide,COBLL1,COBLL1
17056391,CRHR2,NM_001202481 ,107.91040403854169,140.48068512916282,1.3018270701589465,0.033209566046786376,0.3805378190152959,up_in_suicide,CRHR2,CRHR2
16791427,CTSG,NM_001911 ,39.70340583463562,48.0770832234919,1.2109057702438069,0.020144371283063706,0.27608660236397203,up_in_suicide,CTSG,CTSG
16976833,CXCL3,NM_002090 ,24.4931023904356,29.85294993837731,1.218830896245904,0.012197973481508596,0.2854979765973166,up_in_suicide,CXCL3,CXCL3
16980770,DCHS2,NM_017639 ,117.9629922964742,84.16859476545497,0.7135169524516265,0.023709127986931235,-0.486980387782889,down_in_suicide,DCHS2,DCHS2
16688332,DIRAS3,ENST00000370981 ,233.2648490917768,153.88669054120834,0.659708014903962,0.024518695048626516,-0.6001004623214256,down_in_suicide,DIRAS3,DIRAS3
17025477,DKFZp451B082,NR_033862 ,41.19357984091856,51.920577452423586,1.2604045983119352,0.012660261577025838,0.33388692283664306,up_in_suicide,DKFZp451B082,DKFZP451B082
16950064,DLG1-AS1,NR_038289 ,35.32463210726684,43.46365716283543,1.2304065058867033,0.006331801433377425,0.2991350368142535,up_in_suicide,DLG1-AS1,DLG1-AS1
16869653,DNAJB1,NM_006145 ,495.9658441700166,377.6852432270453,0.7615146237723077,0.002399159153222782,-0.3930563530648651,down_in_suicide,DNAJB1,DNAJB1
16914972,DOK5,NM_018431 ,255.6555861446695,200.57770311450128,0.7845621765565453,0.046393083435186375,-0.35004030957383775,down_in_suicide,DOK5,DOK5
16827533,DPEP3,ENST00000268793 ,44.9838242064571,56.215267094397745,1.2496773692781873,0.0012516988111484465,0.3215556806304643,up_in_suicide,DPEP3,DPEP3
16854466,DSC3,NM_001941 ,24.126269769729515,29.06270922643938,1.204608482945153,0.009664452541736136,0.2685643236382361,up_in_suicide,DSC3,DSC3
16922775,DSCR10,NR_027695 ,31.997462467037575,38.5085806492888,1.2034885794134051,0.0008396696721085274,0.26722245132481426,up_in_suicide,DSCR10,DSCR10
16676633,DYRK3,NM_001004023 ,66.25583111340913,53.492338577323366,0.8073604644059376,0.02758464134332452,-0.3087151536002874,down_in_suicide,DYRK3,DYRK3
16915412,EDN3,NM_207032 ,103.7167765835162,125.8702947184964,1.2135962846583594,0.02336112150915963,0.2792885739926032,up_in_suicide,EDN3,EDN3
16688799,ELTD1,NM_022159 ,126.93252465581008,185.3547128535849,1.4602617678659768,0.014460878767602565,0.5462270111265496,up_in_suicide,ELTD1,ELTD1
16978354,EMCN,NM_016242 ,55.743594716325795,74.28614290650061,1.332639979257459,0.017240460423769546,0.41428708028201966,up_in_suicide,EMCN,EMCN
17098594,ENG,NM_001114753 ,171.00398690724862,229.28579322225792,1.3408213303624374,0.011233067696755188,0.42311700534570384,up_in_suicide,ENG,ENG
16879721,EPAS1,NM_001430 ,620.8353380651349,853.9933386891528,1.375555298367304,0.03270655672711388,0.4600141382558506,up_in_suicide,EPAS1,EPAS1
16925602,ERG,NM_001243428 ,84.72222964394798,101.90810936426628,1.2028497100766036,0.012583598542221406,0.2664563964025607,up_in_suicide,ERG,ERG
16745693,ESAM,NM_138961 ,222.5011476474158,294.0748683329751,1.3216779843265252,0.007155358918898768,0.402370719201926,up_in_suicide,ESAM,ESAM
17099573,FAM163B,NM_001080515 ,142.22836014485983,171.32674596731553,1.2045891958032768,0.034326696708668405,0.26854122427683136,up_in_suicide,FAM163B,FAM163B
16949792,FAM43A,NM_153690 ,142.17798504504825,191.85494961040223,1.3493998353515433,0.0011608652554081103,0.43231789091756384,up_in_suicide,FAM43A,FAM43A
16669422,FAM72B,NM_001100910 ,38.96905275945007,49.6867957952512,1.2750321672420446,0.04255736232574213,0.35053364468034826,up_in_suicide,FAM72B,FAM72B
16863871,FGF21,NM_019113 ,57.891499032384935,69.59924542973684,1.2022360207118234,0.01882939307883676,0.2657201510279401,up_in_suicide,FGF21,FGF21
17056310,FKBP14,NR_046478 ,152.36758934596008,126.78370742715038,0.8320910501463673,0.04654815154030962,-0.2651866934349569,down_in_suicide,FKBP14,FKBP14
16801299,FLJ27352,NM_001198784 ,290.4426615068195,226.6984554448938,0.7805274000340717,0.03822639568258243,-0.3574788166887541,down_in_suicide,FLJ27352,FLJ27352
16777715,FLT1,NM_002019 ,165.33592734024396,259.1987206029165,1.5677096005244693,0.0036218010973978346,0.6486583421799702,up_in_suicide,FLT1,FLT1
16908037,FN1,ENST00000354785 ,408.3702069456388,576.8172073485854,1.4124860176819165,0.006846267413925142,0.49823658623876194,up_in_suicide,FN1,FN1
16828964,FOXF1-AS1,NR_033925 ,46.680294406419165,57.20682345143092,1.2255026275833472,0.00850032039464905,0.2933735774706853,up_in_suicide,FOXF1-AS1,FOXF1-AS1
17004198,FOXF2,NM_001452 ,122.11686758856216,158.1635357651189,1.2951817295052608,0.02822818193246147,0.3731545395038353,up_in_suicide,FOXF2,FOXF2
17004194,FOXQ1,NM_033260 ,92.29869012055447,120.0826121620836,1.3010218455455824,0.03134782215301154,0.3796451866488508,up_in_suicide,FOXQ1,FOXQ1
16774130,FREM2,NM_207361 ,111.67476517344778,81.1131529167608,0.7263337674431624,0.03984029136679177,-0.46129544200770756,down_in_suicide,FREM2,FREM2
16929940,GALR3,NM_003614 ,92.68966259553537,112.48628363945984,1.2135795998126553,0.0017956648411019342,0.2792687392996913,up_in_suicide,GALR3,GALR3
16859795,GDF15,NM_004864 ,82.95048243696012,101.4030255713116,1.2224525113325877,0.008433015747461374,0.28977842182724745,up_in_suicide,GDF15,GDF15
16769386,GNN,NR_027249 ,49.929595003179905,41.28037042386243,0.8267715854942018,0.008329450258614642,-0.27443928784996763,down_in_suicide,GNN,GNN
16692805,GOLPH3L,NM_018178 ,240.95635141151973,186.8410327294937,0.7754144335062384,0.009309714038301694,-0.3669605053308052,down_in_suicide,GOLPH3L,GOLPH3L
17042860,GPER,NM_001039966 ,151.08673509076564,184.482159762867,1.221034789401194,0.04661877211252527,0.28810430579752255,up_in_suicide,GPER,GPER
17019749,GPR116,NM_015234 ,196.91053350022943,299.59088119511836,1.5214568559115162,0.002195810522535268,0.6054534237999181,up_in_suicide,GPR116,GPR116
17067941,GPR124,NM_032777 ,196.30962891024657,237.01228949314253,1.2073390939040762,0.008920324096213243,0.27183092910669576,up_in_suicide,GPR124,GPR124
16922047,GRIK1-AS2//BACH1,ENST00000547060  //  ENST00000547060 ,48.048591937953674,58.11669522171252,1.209540027661165,0.03957651951744828,0.2744585136359195,up_in_suicide,GRIK1-AS2//BACH1,GRIK1-AS2//BACH1
16933088,GSTT2B,NM_001080843 ,217.2780779480394,160.5814939143591,0.7390598049783977,0.04365345542004795,-0.4362369824039702,down_in_suicide,GSTT2B,GSTT2B
16933109,GSTTP1,NR_003081 ,67.07157842506832,83.86826799418108,1.250429316910707,0.02655737396534824,0.32242350851888896,up_in_suicide,GSTTP1,GSTTP1
16806014,HERC2P2,NR_002824 ,716.6223057394274,864.6793982888017,1.2066040805087774,0.029720248495446557,0.2709523664094499,up_in_suicide,HERC2P2,HERC2P2
16826040,HERC2P4,NR_002827 ,219.0892253335732,287.21100231503306,1.310931662101326,0.024096978833984588,0.39059248089360465,up_in_suicide,HERC2P4,HERC2P4
17016512,HIST1H2AM,NM_003514 ,24.34260739655547,19.63734168318041,0.8067065850127103,0.04574704629547457,-0.3098840624258465,down_in_suicide,HIST1H2AM,HIST1H2AM
17016503,HIST1H3I,NM_003533 ,145.95035565662428,84.91828809515788,0.5818299497326622,0.04064337163733825,-0.7813305337212418,down_in_suicide,HIST1H3I,HIST1H3I
17017126,HLA-C,NM_002117 ,642.2567855361364,803.5860863234506,1.2511912749238474,0.041835920525791326,0.32330235728157136,up_in_suicide,HLA-C,HLA-C
17006087,HLA-F,NM_001098479 ,112.61435153472551,140.68205646192536,1.2492373711226754,0.011645658461693915,0.3210476335544641,up_in_suicide,HLA-F,HLA-F
16846291,HOXB9,ENST00000311177 ,53.65563154414538,65.38207612730528,1.218550117586668,0.04130206508200535,0.28516558869508857,up_in_suicide,HOXB9,HOXB9
16887921,HOXD12,ENST00000406506 ,48.61307829053132,59.21626505229849,1.2181138725344292,0.04087580953900028,0.28464900652967445,up_in_suicide,HOXD12,HOXD12
16911026,HSPA12B,NM_052970 ,92.98293570471623,113.28254289577032,1.218315404188991,0.01154674769287962,0.2848876744212971,up_in_suicide,HSPA12B,HSPA12B
17006863,HSPA1A,NM_005345 ,2369.4863137252464,1633.8938779922933,0.6895561576059609,0.003549288400227775,-0.5362600449603412,down_in_suicide,HSPA1A,HSPA1A
17028007,HSPA1B,NM_005346 ,2661.596446014619,1875.8700604162864,0.7047913154622476,0.003880681045172633,-0.50473194761079,down_in_suicide,HSPA1B,HSPA1B
17047504,HSPB1,NM_001540 ,2675.493665175493,2087.7743807792954,0.7803323954580743,0.02107989912320684,-0.35783930023380833,down_in_suicide,HSPB1,HSPB1
16954401,HYAL1,NR_047690 ,54.94423741050347,68.21725081132912,1.2415724382824591,0.0023760103615561115,0.31216843654669624,up_in_suicide,HYAL1,HYAL1
16847760,ICAM2,NM_001099786 ,199.20627837917377,274.44771028625587,1.3777061271325288,0.0018114971319641176,0.4622681854711752,up_in_suicide,ICAM2,ICAM2
16876822,ID2,ENST00000234091 ,198.6597726538916,158.20855461195782,0.7963794204455846,0.036855409635946974,-0.32847215459829787,down_in_suicide,ID2,ID2
16720085,IFITM1,ENST00000408968 ,307.5155848770946,394.7841823142364,1.2837859338804587,0.04825682223171281,0.36040465894315327,up_in_suicide,IFITM1,IFITM1
16863419,IGFL1,NM_198541 ,37.47439537118305,46.847783597287375,1.250127804151638,0.029836423111325654,0.32207559327974655,up_in_suicide,IGFL1,IGFL1
16933009,IGLL1,NM_020070 ,54.14059302033129,68.12916305543935,1.2583748949675333,0.02031664300397935,0.33156179386756535,up_in_suicide,IGLL1,IGLL1
17083433,IL33,NM_033439 ,149.04732263358414,103.4623020939844,0.6941574009238306,0.02831561190569513,-0.5266652623650842,down_in_suicide,IL33,IL33
16991184,IRGM,NM_001145805 ,40.72766869312923,48.93374796852454,1.2014865947085176,0.0439858045624862,0.26482055204211785,up_in_suicide,IRGM,IRGM
16818305,ITGAD,NM_005353 ,57.26989865103214,71.80087768441152,1.253728038212924,0.0027353724389020885,0.32622442910161487,up_in_suicide,ITGAD,ITGAD
16747112,KCNA6,NM_002235 ,393.260821118018,305.64690185227704,0.7772116759135588,0.018293430610259627,-0.36362052044884446,down_in_suicide,KCNA6,KCNA6
16828802,KCNG4,NM_172347 ,68.35539811848977,88.70754917681202,1.2977402168449532,0.04727451239404578,0.37600161185806324,up_in_suicide,KCNG4,KCNG4
16774851,KCNRG,NM_173605 ,69.2134738464553,44.92423467056865,0.649067763456427,0.03387207036863617,-0.6235589896997317,down_in_suicide,KCNRG,KCNRG
16877493,KCNS3,NM_002252 ,47.95508836137898,62.35681318893412,1.3003169281855331,0.009362056514278957,0.37886329632780363,up_in_suicide,KCNS3,KCNS3
16976029,KDR,NM_002253 ,152.71338022708173,198.94595467329455,1.3027408232171007,0.005205812499121254,0.3815500921551382,up_in_suicide,KDR,KDR
16803754,KIAA1199,ENST00000394685 ,88.93341532536465,109.0223377764157,1.2258872256008084,0.03722284516093253,0.293826265692723,up_in_suicide,KIAA1199,KIAA1199
16712944,KIAA1462,NM_020848 ,132.60544143826883,164.91023238355473,1.2436158772588872,0.019589189894713498,0.31454094081416056,up_in_suicide,KIAA1462,KIAA1462
16973061,KLKB1,ENST00000264690 ,134.4449814267621,95.16814282564141,0.7078593921148594,0.009736672294559276,-0.498465280404754,down_in_suicide,KLKB1,KLKB1
16928716,KREMEN1,NM_032045 ,203.8835450314902,167.80482897235373,0.8230425311980716,0.02416339479110616,-0.2809611102148009,down_in_suicide,KREMEN1,KREMEN1
16844828,KRT17,NM_000422 ,73.91978835647157,93.07832375654488,1.259180062958013,0.02345226647977046,0.33248460343952413,up_in_suicide,KRT17,KRT17
16844702,KRT32,NM_002278 ,32.929771549600396,27.231745532261527,0.826964301627291,0.04374912114846207,-0.2741030423673235,down_in_suicide,KRT32,KRT32
16844572,KRTAP1-1,NM_030967 ,52.65492487372605,64.74765817687359,1.22966006184887,0.0017242412453004163,0.2982595392493864,up_in_suicide,KRTAP1-1,KRTAP1-1
16844600,KRTAP4-11,NM_033059 ,20.754556158599183,26.851081001028795,1.293743927638927,0.00940045116257059,0.37155209114470433,up_in_suicide,KRTAP4-11,KRTAP4-11
16741526,KRTAP5-11,NM_001005405 ,41.57200739492551,50.230791680636834,1.208284007155456,0.006272449907257888,0.2729595999914605,up_in_suicide,KRTAP5-11,KRTAP5-11
16734287,KRTAP5-3,NM_001012708 ,21.91711815538624,29.005505154999337,1.3234178393965126,0.022797313453454465,0.40426863202672825,up_in_suicide,KRTAP5-3,KRTAP5-3
16699975,LEFTY1,NM_020997 ,70.28040611816917,89.07468979171817,1.2674185411215235,0.00038870708749775054,0.3418930260479164,up_in_suicide,LEFTY1,LEFTY1
16736847,LIN7C,NM_018362 ,937.1063275439288,745.2736455836205,0.7952925123629411,0.018599528254435557,-0.3304425067948136,down_in_suicide,LIN7C,LIN7C
17005774,LINC00240,NR_026775 ,95.45026485432741,69.11798847695187,0.7241256855854421,0.012226205326979862,-0.46568796907935467,down_in_suicide,LINC00240,LINC00240
16693219,LINGO4,NM_001004432 ,48.409569274744335,62.23035625137838,1.2854970036646136,0.02903088076410127,0.3623262474308138,up_in_suicide,LINGO4,LINGO4
16943328,LNP1,NM_001085451 ,201.67460435896197,165.542250079559,0.820838352978292,0.020762846505323836,-0.2848299536610811,down_in_suicide,LNP1,LNP1
16919801,LOC100128591,AK128705 ,72.3134572847716,88.16982380982574,1.2192726930841034,0.047654264958231544,0.2860208240409742,up_in_suicide,LOC100128591,LOC100128591
16862107,LOC100129935,NR_026870 ,23.42839153000982,29.21754027607725,1.2470997097112713,0.037339883044554024,0.31857681797845583,up_in_suicide,LOC100129935,LOC100129935
17117841,LOC100131131,AY358263 ,30.11535538665131,36.839911890436426,1.223293280701771,0.021867146235465117,0.2907703269149996,up_in_suicide,LOC100131131,LOC100131131
17094368,LOC100132439//FAM27E3,ENST00000377525  //  ENST00000377525 ,61.19484033079789,88.59616720222513,1.4477718500988852,0.045475299844051735,0.5338342704705108,up_in_suicide,LOC100132439//FAM27E3,LOC100132439//FAM27E3
16912011,LOC100270679,NR_038394 ,49.37236793485929,59.470981985312406,1.2045397956965924,0.04792733305143662,0.2684820582552572,up_in_suicide,LOC100270679,LOC100270679
16708880,LOC100505839,NR_038940 ,26.758488270240832,33.46682469655035,1.250699380269928,0.014389000057442364,0.3227350631150417,up_in_suicide,LOC100505839,LOC100505839
17050358,LOC100506413,BC043243 ,31.09261931156745,38.082751069408985,1.2248164327294544,0.006820527520648557,0.2925655439743884,up_in_suicide,LOC100506413,LOC100506413
16844789,LOC147093,NR_038442 ,39.30973871022928,49.50853603237045,1.25944709013004,0.008879942699663345,0.33279051515641894,up_in_suicide,LOC147093,LOC147093
16882041,LOC1720,NR_033423 ,24.627018455595525,29.917225145183146,1.2148131207651582,0.009841950190926887,0.28073439573901954,up_in_suicide,LOC1720,LOC1720
16893809,LOC339822,NR_033880 ,36.69748459393227,49.418274651514814,1.3466392914484897,0.006145619166357869,0.42936346466215164,up_in_suicide,LOC339822,LOC339822
16853706,LOC400643,NR_034100 ,42.613313357167215,52.59337220776962,1.2342004895736145,0.006976407459810845,0.3035767719744609,up_in_suicide,LOC400643,LOC400643
17118392,LOC648570,AK130915 ,64.71739804512723,53.488248595155554,0.8264894790402169,0.04923589451074985,-0.2749316403221183,down_in_suicide,LOC648570,LOC648570
16822256,LOC729737,NR_039983 ,871.0503265910454,683.9596818287149,0.7852125886979102,0.014969558715137577,-0.3488447922991981,down_in_suicide,LOC729737,LOC729737
17025730,LOC729995,XR_110198 ,51.54409153396629,62.603778228633246,1.214567496788238,0.01819540355000943,0.28044266665212947,up_in_suicide,LOC729995,LOC729995
16945239,LOC90246,NR_026954 ,69.63560944189067,85.08206277011513,1.22181831180948,0.03844705225932051,0.28902976785749024,up_in_suicide,LOC90246,LOC90246
16860946,LSR,NM_205834 ,125.42841284389976,155.46800158195992,1.239495884998924,0.01224866782613272,0.3097534818308471,up_in_suicide,LSR,LSR
17071218,MATN2,NM_002380 ,159.41464036894735,126.36156637400627,0.7926597336452698,0.04369656613915773,-0.3352264041565067,down_in_suicide,MATN2,MATN2
17099248,MED27,NM_001253882 ,22.06354094523855,29.69917961029613,1.346074942549301,0.03222886187841409,0.428758734045117,up_in_suicide,MED27,MED27
16979985,MGARP,NM_032623 ,118.43951083670048,98.23915007879445,0.82944575999003,0.031514997238568036,-0.26978045288875363,down_in_suicide,MGARP,MGARP
16745002,MPZL2,NM_005797 ,20.17322972326013,28.38425481951669,1.407025806422513,0.0007706246078649708,0.4926487894531616,up_in_suicide,MPZL2,MPZL2
16927040,MRPL40,ENST00000333130 ,141.35855812275935,115.7152440166712,0.8185938336763534,0.02613560076081836,-0.28878029563391383,down_in_suicide,MRPL40,MRPL40
16906471,MSTN,NM_005259 ,63.55478467110436,52.35019362215519,0.823701848618749,0.03427693874088198,-0.2798058683501047,down_in_suicide,MSTN,MSTN
16832315,MTRNR2L1,NM_001190452 ,19.2258018837015,24.93781866488049,1.2971016145766747,0.011741204589577043,0.3752915043416899,up_in_suicide,MTRNR2L1,MTRNR2L1
16735734,MTRNR2L8,NM_001190702 ,4052.7194021021,4982.401025891231,1.22939698793529,0.032410777274501014,0.2979508555350412,up_in_suicide,MTRNR2L8,MTRNR2L8
17013851,MYCT1,NM_025107 ,76.98519907458487,103.38738140757614,1.3429514068985169,0.024470441747334096,0.4254071035033677,up_in_suicide,MYCT1,MYCT1
16722526,MYOD1,NM_002478 ,64.90755730918634,78.08584258099856,1.2030316009126274,0.033328444254197294,0.26667453933955104,up_in_suicide,MYOD1,MYOD1
17071495,NACAP1,NR_002182 ,49.36769122617623,64.56962053288183,1.307932757824516,0.011001975979275175,0.38728837229871893,up_in_suicide,NACAP1,NACAP1
16817519,NFATC2IP,AK304606 ,40.81656597608451,28.446912681478913,0.6969452721266824,0.03200046877770587,-0.5208827224828488,down_in_suicide,NFATC2IP,NFATC2IP
16840318,NLRP1,ENST00000544378 ,2481.3120410258516,1854.176256814929,0.7472563813652211,0.004956518379178211,-0.42032478271012363,down_in_suicide,NLRP1,NLRP1
16865563,NLRP2,NM_017852 ,37.9350003083759,49.575064843320774,1.3068423471812862,0.02443707291571126,0.38608511002526374,up_in_suicide,NLRP2,NLRP2
16887194,NOSTRIN,NM_001171631 ,56.54535365081724,78.46175100970855,1.3875897123967238,0.005526113075112828,0.4725810496218796,up_in_suicide,NOSTRIN,NOSTRIN
16869769,NOTCH3,NM_000435 ,137.88120751776114,166.21687542414836,1.2055078310997325,0.04111206804460811,0.26964102286250674,up_in_suicide,NOTCH3,NOTCH3
16969495,NPNT,NM_001184690 ,97.9459061707604,67.1817403897534,0.6859065683932488,0.0008175270639690624,-0.5439160235852282,down_in_suicide,NPNT,NPNT
17055994,NPVF,ENST00000222674 ,14.649984289087566,18.075579241304872,1.2338292577398156,0.02027481891234242,0.3031427623517941,up_in_suicide,NPVF,NPVF
17042936,NUDT1,NM_198948 ,58.81388188125097,71.10184983147272,1.2089297213034151,0.0006944837708912095,0.2737303788516693,up_in_suicide,NUDT1,NUDT1
16755103,NUDT4,ENST00000337179 ,34.07979005835567,27.818481876370623,0.8162750365755289,0.020329536150393575,-0.29287275758276016,down_in_suicide,NUDT4,NUDT4
16985704,OCLN,NM_002538 ,67.61826434088094,86.87495572281911,1.2847853545139856,0.009181106115754704,0.3615273525363035,up_in_suicide,OCLN,OCLN
17106822,OCRL,NM_000276 ,597.3688756625545,489.31868950718285,0.8191231740429548,0.04611907351312628,-0.2878476842671974,down_in_suicide,OCRL,OCRL
16742738,ODZ4,ENST00000529798 ,52.352233953373094,65.10299976309196,1.2435572438241165,0.038668978313811574,0.3144729196821592,up_in_suicide,ODZ4,ODZ4
16790433,OR10G2,ENST00000542433 ,19.808965002164815,24.208022381576516,1.2220740648959172,0.030695726704873454,0.2893317236345603,up_in_suicide,OR10G2,OR10G2
16738601,OR10Q1,NM_001004471 ,33.761469214269646,42.69002547923047,1.2644599442131823,0.02836088633560842,0.33852133577512933,up_in_suicide,OR10Q1,OR10Q1
16839673,OR1D2,NM_002548 ,40.80799350619995,49.57340073094154,1.2147963296311015,0.04515616000689041,0.2807144546856696,up_in_suicide,OR1D2,OR1D2
16721180,OR51D1,NM_001004751 ,27.040264031830805,33.63230749320423,1.2437862090996417,0.035636471316914345,0.314738526000483,up_in_suicide,OR51D1,OR51D1
16734793,OR51E2,NM_030774 ,28.39863546583146,34.15590319873529,1.2027304354052797,0.007934626385575108,0.2663133315561977,up_in_suicide,OR51E2,OR51E2
16734836,OR51V1,NM_001004760 ,29.184872292691864,38.537281279644155,1.32045399730237,0.00422585350740891,0.40103404098262424,up_in_suicide,OR51V1,OR51V1
16960560,P2RY14,NM_001081455 ,110.53365639921432,159.94935715344724,1.4470647435723856,0.010500322442586068,0.533129471379826,up_in_suicide,P2RY14,P2RY14
16967031,PAICS,NM_001079525 ,462.27764242569503,382.7335181687852,0.8279299776655422,0.03411871679942906,-0.27241933820923897,down_in_suicide,PAICS,PAICS
16802497,PAQR5,NM_017705 ,84.67737718193972,117.68308238040598,1.3897818555190893,0.00010314265175399872,0.47485845082006845,up_in_suicide,PAQR5,PAQR5
16908928,PAX3,ENST00000350526 ,119.43988059391232,81.00804788101604,0.6782328270775658,0.011072096524641403,-0.5601474810992583,down_in_suicide,PAX3,PAX3
16737056,PAX6,NM_001258462 ,102.5252526371406,74.5475158153989,0.7271137002630848,0.031401127877590515,-0.4597471159147048,down_in_suicide,PAX6,PAX6
16676693,PFKFB2,NM_006212 ,455.0753927906173,377.34646861418497,0.8291955016513147,0.0461313413303138,-0.27021580497518144,down_in_suicide,PFKFB2,PFKFB2
16725485,PGA3,ENST00000325558 ,46.244208147278826,59.38420147591747,1.2841435469451723,0.031031020834633393,0.36080648196999804,up_in_suicide,PGA3,PGA3
16943819,PHLDB2,NM_001134437 ,63.55739597302577,78.25713338627122,1.2312828772828284,5.1721950389943e-06,0.300162247419478,up_in_suicide,PHLDB2,PHLDB2
16748835,PIK3C2G,NM_004570 ,25.42618156759529,19.77546944665841,0.7777600971693484,0.004685739390399737,-0.3626028754053169,down_in_suicide,PIK3C2G,PIK3C2G
17052737,PIP,ENST00000291009 ,18.849507612697177,22.867264991496835,1.213149195265624,0.000563837569694086,0.2787569865951052,up_in_suicide,PIP,PIP
17066573,PIWIL2,ENST00000356766 ,52.568203442084794,67.92181725453244,1.2920703544560537,0.030619612849348735,0.3696846282837083,up_in_suicide,PIWIL2,PIWIL2
17076726,PLAT,NM_000930 ,277.6260171379629,333.77512702002167,1.2022472910172397,0.02161414921899728,0.2657336754418166,up_in_suicide,PLAT,PLAT
16862001,PLEKHG2,NM_022835 ,80.42357730657939,98.92686609456456,1.2300729389026002,0.016531111142603472,0.2987438647296931,up_in_suicide,PLEKHG2,PLEKHG2
16852683,PMAIP1,ENST00000316660 ,50.07589689126273,71.03522616697471,1.4185512507389353,0.0007231432735744429,0.5044182745821104,up_in_suicide,PMAIP1,PMAIP1
16880924,PNO1,NM_020143 ,89.61443480970722,74.5116722324157,0.8314695326778366,0.009680571430033997,-0.26626469470602815,down_in_suicide,PNO1,PNO1
16931864,POTEH,NM_001136213 ,35.8905862687303,28.202432435550097,0.7857891265521478,0.04329275599671857,-0.3477858904120009,down_in_suicide,POTEH,POTEH
16685580,POU3F1,NM_002699 ,109.94826640177192,148.2049409398615,1.34795159387318,0.036687507786313814,0.4307686890026944,up_in_suicide,POU3F1,POU3F1
17117738,PP13,AF258550 ,77.74378764785568,99.20529473244228,1.2760543026511335,0.04060552167090562,0.3516897244778164,up_in_suicide,PP13,PP13
16808302,PPIP5K1,ENST00000432870 ,401.0598923341428,555.7687764748719,1.385750076479434,0.034562300496080424,0.47066708724711154,up_in_suicide,PPIP5K1,PPIP5K1
17037702,PPP1R11,ENST00000400654 ,43.32872172104265,34.719174235764555,0.8012969886185944,0.04430703204734447,-0.3195910400241875,down_in_suicide,PPP1R11,PPP1R11
16807511,PPP1R14D,NM_017726 ,35.15257097553355,43.074636955847566,1.2253623493379142,0.001432643894216822,0.2932084286508544,up_in_suicide,PPP1R14D,PPP1R14D
17054273,PRKAR1B,ENST00000478198 ,119.6017024494101,96.75798267268816,0.8090017172925734,0.043366907284646365,-0.3057853297761764,down_in_suicide,PRKAR1B,PRKAR1B
16815237,PRSS21,NM_006799 ,26.42846894062859,34.57306482967202,1.3081750935833707,0.02453010175675091,0.3875556522568764,up_in_suicide,PRSS21,PRSS21
16801302,PRTG,AY630258 ,25.951078977603252,21.494859303716385,0.8282838383046518,0.02833142174983492,-0.27180285621632877,down_in_suicide,PRTG,PRTG
16670697,PRUNE,NM_021222 ,298.93127438818703,242.79442939720553,0.8122081903077054,0.0070712492293003686,-0.300078519414421,down_in_suicide,PRUNE,PRUNE
16703232,PTF1A,ENST00000376504 ,58.35815370486971,70.10289632867944,1.2012528135006726,0.04062159341563564,0.26453980999483384,up_in_suicide,PTF1A,PTF1A
16767422,PTPRB,NM_001109754 ,135.37330261594585,188.47982039275877,1.3922968321713785,0.008836268268948507,0.4774668208482968,up_in_suicide,PTPRB,PTPRB
16695558,PVRL4,NM_030916 ,79.10307621583065,95.92611462878638,1.2126723664583474,0.047708851654392294,0.27818982322635216,up_in_suicide,PVRL4,PVRL4
16774303,RGCC,NM_014059 ,649.3875905188255,801.3250014810485,1.2339703024519353,0.038072638344016675,0.3033076740490184,up_in_suicide,RGCC,RGCC
16675323,RGS2,NM_002923 ,310.3730043240024,248.2981819873367,0.7999992864332202,0.022161831622050317,-0.3219293817120045,down_in_suicide,RGS2,RGS2
16745718,ROBO4,ENST00000306534 ,91.43746758609325,112.14039229712652,1.2264162083397636,0.01192738738772118,0.2944486689202199,up_in_suicide,ROBO4,ROBO4
17098491,RPL12,AK057602 ,29.865288430174463,37.82338682480954,1.2664664837656343,0.004532661918188522,0.34080889754395666,up_in_suicide,RPL12,RPL12
16695853,RXRG,NM_006917 ,156.10604431732048,117.98549625055652,0.7558035101493225,0.032615019878851195,-0.40391687602055315,down_in_suicide,RXRG,RXRG
16786933,SAMD15,ENST00000216471 ,76.59239019304891,62.85809070828693,0.8206832369358747,0.024864586465243334,-0.28510260940584714,down_in_suicide,SAMD15,SAMD15
16906615,SDPR,NM_004657 ,71.20799594755564,106.04799960680845,1.4892709476743635,0.004701476575538383,0.5746062517747015,up_in_suicide,SDPR,SDPR
16863858,SEC1P,NR_004401 ,32.30645674570875,39.44378910152018,1.2209258790585098,0.005400969752141195,0.2879756187032335,up_in_suicide,SEC1P,SEC1P
16954796,SEMA3G,NM_020163 ,107.81350342165796,136.35018002682233,1.2646855514337343,0.004476660430359108,0.338778721061743,up_in_suicide,SEMA3G,SEMA3G
16926200,SIK1,NM_173354 ,104.73789761929626,127.9516375723718,1.2216364895680203,0.04920035854258049,0.28881506034875004,up_in_suicide,SIK1,SIK1
17056072,SKAP2,NM_003930 ,87.31717695154668,71.88058133803543,0.8232123832624914,0.029457024273597063,-0.28066341059399463,down_in_suicide,SKAP2,SKAP2
16926595,SLC19A1,ENST00000461785 ,49.28168117256094,59.39801494851516,1.2052757441559605,0.00041805407745408335,0.26936324539023093,up_in_suicide,SLC19A1,SLC19A1
16989001,SLC22A4,NM_003059 ,150.18774963123178,98.57230765280153,0.6563272163997007,0.009076019353998797,-0.6075128352576277,down_in_suicide,SLC22A4,SLC22A4
16686060,SLC2A1,NM_006516 ,780.7228920114057,1009.8169222516028,1.2934383410354136,0.024003228631733296,0.37121128154281474,up_in_suicide,SLC2A1,SLC2A1
16830484,SLC35G6,NM_001102614 ,37.591349525928194,25.93903155329564,0.6900266119843474,0.006744499724483251,-0.5352760920726523,down_in_suicide,SLC35G6,SLC35G6
16904488,SLC38A11,ENST00000409662 ,70.11692045542087,105.50584082348846,1.5047129870823015,0.03599486861649051,0.5894883297749264,up_in_suicide,SLC38A11,SLC38A11
17110586,SLC38A5,NM_033518 ,105.9287652181356,142.10064382674005,1.341473617049315,0.03342070317607837,0.4238186811907518,up_in_suicide,SLC38A5,SLC38A5
16802232,SMAD6,NR_027654 ,79.87647121204142,106.31187043861551,1.3309535189204622,0.01641024628060103,0.4124601886849143,up_in_suicide,SMAD6,SMAD6
16814863,SNORA78,BC028232 ,68.93017201861436,84.88716986504193,1.2314951113442518,0.009897242302452251,0.3004109007939155,up_in_suicide,SNORA78,SNORA78
16921428,SOX18,NM_018419 ,83.12294568819009,112.49479529704908,1.353354291834632,0.013655387281330674,0.43653956892458506,up_in_suicide,SOX18,SOX18
16849286,ST6GALNAC1,NM_018414 ,63.327447654711094,79.07846443864825,1.2487233793128467,0.009871542374380746,0.3204539225080168,up_in_suicide,ST6GALNAC1,ST6GALNAC1
16707120,STAMBPL1,NM_020799 ,267.9471578062368,222.93059885824692,0.831994639105136,0.04265576810771863,-0.26535386238800457,down_in_suicide,STAMBPL1,STAMBPL1
16808209,STRC,ENST00000450892 ,57.95124280575154,74.89513886274365,1.2923819272312562,0.01036161079268599,0.37003248109803455,up_in_suicide,STRC,STRC
16930262,TAB1,NM_153497 ,138.34146276807252,166.01133557990886,1.2000114228821224,0.004094816478755797,0.26304813888125655,up_in_suicide,TAB1,TAB1
17021323,TBX18,ENST00000369663 ,67.57013760237261,90.23096574705316,1.335367500330277,0.013376970919938317,0.4172368340039345,up_in_suicide,TBX18,TBX18
16770685,TBX3,NM_016569 ,95.90008065693752,120.8455317752946,1.2601191880911362,0.029727477380754833,0.33356019716625124,up_in_suicide,TBX3,TBX3
16674269,TEX35,ENST00000419909 ,88.56013006839166,106.61175000139544,1.2038346140533354,0.0032606925041099265,0.2676372044944728,up_in_suicide,TEX35,TEX35
16902279,TFCP2L1,NM_014553 ,74.74153734966522,96.59234551288095,1.2923516017738648,0.019389553730581616,0.36999862817934687,up_in_suicide,TFCP2L1,TFCP2L1
16919158,TGM2,ENST00000361475 ,147.85248070078254,194.7722103075107,1.3173415108379702,0.0366081014477194,0.3976294018761073,up_in_suicide,TGM2,TGM2
16663457,TIE1,NM_005424 ,103.51787621842944,127.16963142178076,1.2284799115608265,0.04119930638781004,0.29687426654946303,up_in_suicide,TIE1,TIE1
16960355,TM4SF1,ENST00000305366 ,79.92491819745679,118.94810167736402,1.48824802527166,0.041245352387580675,0.5736149800823542,up_in_suicide,TM4SF1,TM4SF1
16960344,TM4SF18,NM_138786 ,77.41033208184697,97.77388831801665,1.263059926091507,0.04132021428449493,0.33692308965916806,up_in_suicide,TM4SF18,TM4SF18
16952782,TMEM158,NM_015444 ,294.5877436872143,206.7996814913992,0.7019968954002844,0.014807654798411124,-0.5104634447001443,down_in_suicide,TMEM158,TMEM158
17094814,TMEM2,NM_013390 ,91.1671785624726,118.12917201498968,1.2957423261052363,0.018885919612229744,0.37377884954147894,up_in_suicide,TMEM2,TMEM2
16814738,TMEM204,NM_024600 ,160.22662302227826,217.17668153919848,1.3554344305752593,0.008672058650534234,0.438755324188581,up_in_suicide,TMEM204,TMEM204
16733421,TMEM45B,NM_138788 ,66.95957086460442,86.61821194866909,1.2935897113769654,0.00901312837717999,0.37138010943097016,up_in_suicide,TMEM45B,TMEM45B
16830778,TMEM88,NM_203411 ,161.39422235563833,211.5750741810954,1.3109209926665262,0.003881350623342296,0.3905807390128037,up_in_suicide,TMEM88,TMEM88
16926778,TPTEP1,NR_001591 ,188.95509994109352,149.36220714754282,0.7904640160234165,0.005844066449171953,-0.3392283060370223,down_in_suicide,TPTEP1,TPTEP1
17008397,TSPO2,NM_001010873 ,51.58725381396497,68.86559126266215,1.334934236100388,0.003692273694225365,0.41676867105979015,up_in_suicide,TSPO2,TSPO2
16772172,UBC,ENST00000536769 ,876.1465100193251,492.9694072212511,0.5626563612179175,0.04256839117850542,-0.8296740204129524,down_in_suicide,UBC,UBC
17100695,UIMC1,AF284753 ,276.2674344439456,421.075525524985,1.5241591046461929,0.027010668489343866,0.6080135114289971,up_in_suicide,UIMC1,UIMC1
16834441,VPS25,NM_032353 ,454.4206831699879,367.24142468835714,0.8081529699011981,0.034496507135312146,-0.3072996979125484,down_in_suicide,VPS25,VPS25
16760257,VWF,NM_000552 ,165.02624101229446,219.0705938962016,1.3274894498741012,0.03558164198559601,0.40870039536103187,up_in_suicide,VWF,VWF
16688339,WLS,NM_024911 ,679.8988889236055,516.8073807507988,0.7601238789623439,0.03536081865872131,-0.39569353817231806,down_in_suicide,WLS,WLS
17111435,WNK3,NM_020922 ,133.18518921938028,110.51543081096445,0.8297876923005709,0.03761800482893572,-0.2691858360733328,down_in_suicide,WNK3,WNK3
16756510,WSCD2,ENST00000332082 ,75.57727312941049,91.64571535910916,1.2126094467867978,0.027040839011679956,0.27811496685490406,up_in_suicide,WSCD2,WSCD2
16830202,XAF1,NM_017523 ,259.16653664388684,315.7229162534046,1.2182240822519084,0.02396344414714212,0.2847795294833239,up_in_suicide,XAF1,XAF1
16753228,XRCC6BP1,ENST00000300145 ,289.32044316860413,227.0296490578302,0.7846996450421119,0.04349602917666168,-0.3497875472875409,down_in_suicide,XRCC6BP1,XRCC6BP1
16698766,YOD1,NM_018566 ,86.27968653571178,70.93053714408096,0.82210007931267,0.01082593880889366,-0.2826140621247411,down_in_suicide,YOD1,YOD1
17106640,ZBTB33,NM_001184742 ,234.87175133832824,187.45725176294903,0.7981260015084592,0.03476588387401285,-0.32531156974106146,down_in_suicide,ZBTB33,ZBTB33
17112235,ZDHHC15,NM_144969 ,190.4249780872954,149.39576830485163,0.7845387186357716,0.046861094501490425,-0.350083445902516,down_in_suicide,ZDHHC15,ZDHHC15
16873174,ZNF229,NM_014518 ,120.66290415393158,91.6685854059065,0.7597080979334248,0.00955901750118331,-0.39648289548628485,down_in_suicide,ZNF229,ZNF229
16997097,ZNF366,ENST00000318442 ,42.43979665465598,61.32199370204023,1.4449172365511964,0.003970639635599098,0.5309868589289178,up_in_suicide,ZNF366,ZNF366
17046426,ZNF679,NM_153363 ,25.446648186492354,30.783250945299216,1.2097173159976191,0.004030045618356727,0.27466996117368403,up_in_suicide,ZNF679,ZNF679
