label,human_gene,mouse_gene,enriched_region,direction,region,mean_log1p_norm_expr,pct_expr,expr_z_by_gene
KCNA6 / Kcna6,KCNA6,Kcna6,LHb,down_in_suicide,LHb,0.10139281286165702,4.830699774266354,0.7071067811865474
KCNA6 / Kcna6,KCNA6,Kcna6,LHb,down_in_suicide,MHb,0.03303748564259339,1.5923120089786709,-0.7071067811865476
WSCD2 / Wscd2,WSCD2,Wscd2,LHb,up_in_suicide,LHb,0.06481492332527052,3.269912931312472,0.7071067811865475
WSCD2 / Wscd2,WSCD2,Wscd2,LHb,up_in_suicide,MHb,0.007410018747892614,0.39983164983165026,-0.7071067811865475
CHGA / Chga,CHGA,Chga,LHb,up_in_suicide,LHb,0.23310180234540007,10.003224766204426,0.7071067811865475
CHGA / Chga,CHGA,Chga,LHb,up_in_suicide,MHb,0.12456204503929079,7.673961840628615,-0.7071067811865476
CHST9 / Chst9,CHST9,Chst9,LHb,down_in_suicide,LHb,0.08387591406121038,3.6375362786197916,0.7071067811865476
CHST9 / Chst9,CHST9,Chst9,LHb,down_in_suicide,MHb,0.004649163434005596,0.224466891133558,-0.7071067811865476
DNAJB1 / Dnajb1,DNAJB1,Dnajb1,MHb,down_in_suicide,LHb,0.101013099343747,4.875846501128656,-0.7071067811865476
DNAJB1 / Dnajb1,DNAJB1,Dnajb1,MHb,down_in_suicide,MHb,0.1561353847478638,8.9085297418633,0.7071067811865476
HSPA1A / Hspa1a,HSPA1A,Hspa1a,MHb,down_in_suicide,LHb,0.13462318829255765,6.030312802321816,-0.7071067811865478
HSPA1A / Hspa1a,HSPA1A,Hspa1a,MHb,down_in_suicide,MHb,0.23174540539226787,11.539001122334929,0.7071067811865475
HSPA1B / Hspa1b,HSPA1B,Hspa1b,MHb,down_in_suicide,LHb,0.12415409288742514,5.585295066107694,-0.7071067811865477
HSPA1B / Hspa1b,HSPA1B,Hspa1b,MHb,down_in_suicide,MHb,0.2177480155619376,11.047979797980224,0.7071067811865475
RPL12 / Rpl12,RPL12,Rpl12,MHb,up_in_suicide,LHb,0.5163046272376176,21.483392454047028,-0.7071067811865462
RPL12 / Rpl12,RPL12,Rpl12,MHb,up_in_suicide,MHb,0.6149765641033664,27.34287317620646,0.7071067811865479
ESAM / Esam,ESAM,Esam,MHb,up_in_suicide,LHb,0.017811397322300977,0.8126410835214433,-0.7071067811865477
ESAM / Esam,ESAM,Esam,MHb,up_in_suicide,MHb,0.05467642998964041,3.4652076318742857,0.7071067811865475
GOLPH3L / Golph3l,GOLPH3L,Golph3l,MHb,down_in_suicide,LHb,0.038435189561914405,2.102547565301511,-0.707106781186547
GOLPH3L / Golph3l,GOLPH3L,Golph3l,MHb,down_in_suicide,MHb,0.05394387967623003,4.138608305274956,0.7071067811865477
PNO1 / Pno1,PNO1,Pno1,MHb,down_in_suicide,LHb,0.027635630251910598,1.4640438568203775,-0.7071067811865476
PNO1 / Pno1,PNO1,Pno1,MHb,down_in_suicide,MHb,0.05046603776407292,4.110549943883261,0.7071067811865476
YOD1 / Yod1,YOD1,Yod1,MHb,down_in_suicide,LHb,0.04275597812631288,2.1283456949371122,-0.7071067811865468
YOD1 / Yod1,YOD1,Yod1,MHb,down_in_suicide,MHb,0.05407619617066765,3.9702581369247882,0.7071067811865477
LIN7C / Lin7c,LIN7C,Lin7c,MHb,down_in_suicide,LHb,0.0819508483159689,4.0890035472428155,-0.7071067811865468
LIN7C / Lin7c,LIN7C,Lin7c,MHb,down_in_suicide,MHb,0.1032267172698157,6.741021324354677,0.7071067811865478
NUDT4 / Nudt4,NUDT4,Nudt4,MHb,down_in_suicide,LHb,0.18972734628606205,8.494034182521746,-0.7071067811865481
NUDT4 / Nudt4,NUDT4,Nudt4,MHb,down_in_suicide,MHb,0.23949136158348333,13.194444444444937,0.7071067811865474
RGS2 / Rgs2,RGS2,Rgs2,MHb,down_in_suicide,LHb,0.04977397439569416,2.4701709126088303,-0.7071067811865471
RGS2 / Rgs2,RGS2,Rgs2,MHb,down_in_suicide,MHb,0.08990291855305466,6.376262626262612,0.7071067811865476
KREMEN1 / Kremen1,KREMEN1,Kremen1,MHb,down_in_suicide,LHb,0.033588527259645284,1.6510802966784872,-0.7071067811865476
KREMEN1 / Kremen1,KREMEN1,Kremen1,MHb,down_in_suicide,MHb,0.0697583353011568,4.384118967452284,0.7071067811865476
MRPL40 / Mrpl40,MRPL40,Mrpl40,MHb,down_in_suicide,LHb,0.046861754319527625,2.5540148339245348,-0.7071067811865478
MRPL40 / Mrpl40,MRPL40,Mrpl40,MHb,down_in_suicide,MHb,0.0757214162052331,5.885241301907945,0.7071067811865475
UIMC1 / Uimc1,UIMC1,Uimc1,MHb,up_in_suicide,LHb,0.12166205572809748,6.114156723637521,-0.7071067811865471
UIMC1 / Uimc1,UIMC1,Uimc1,MHb,up_in_suicide,MHb,0.15846684229201785,9.81341189674554,0.7071067811865477
MED27 / Med27,MED27,Med27,MHb,up_in_suicide,LHb,0.12032198040333666,6.217349242179926,-0.7071067811865467
MED27 / Med27,MED27,Med27,MHb,up_in_suicide,MHb,0.15638612205829394,10.08698092031459,0.7071067811865478
PAICS / Paics,PAICS,Paics,MHb,down_in_suicide,LHb,0.08316522907454754,4.217994195420822,-0.707106781186547
PAICS / Paics,PAICS,Paics,MHb,down_in_suicide,MHb,0.11369503485415279,7.533670033670129,0.7071067811865477
WLS / Wls,WLS,Wls,MHb,down_in_suicide,LHb,0.2969510115129734,13.150596581747791,-0.7071067811865472
WLS / Wls,WLS,Wls,MHb,down_in_suicide,MHb,0.5546737416144566,27.118406285072837,0.7071067811865476
POU3F1 / Pou3f1,POU3F1,Pou3f1,MHb,up_in_suicide,LHb,0.04459115179112644,2.0445017736214077,-0.7071067811865475
POU3F1 / Pou3f1,POU3F1,Pou3f1,MHb,up_in_suicide,MHb,0.1394747296239933,8.508698092031612,0.7071067811865475
CETN2 / Cetn2,CETN2,Cetn2,MHb,down_in_suicide,LHb,0.10735168694232411,5.1209287326668695,-0.7071067811865472
CETN2 / Cetn2,CETN2,Cetn2,MHb,down_in_suicide,MHb,0.1982804770252237,11.31453423120135,0.7071067811865477
UBC / Ubc,UBC,Ubc,MHb,down_in_suicide,LHb,0.395473440870785,16.88487584650109,-0.7071067811865475
UBC / Ubc,UBC,Ubc,MHb,down_in_suicide,MHb,0.4758814152059168,22.27132435465724,0.7071067811865475
STAMBPL1 / Stambpl1,STAMBPL1,Stambpl1,MHb,down_in_suicide,LHb,0.09091175051430432,4.701709126088347,-0.7071067811865479
STAMBPL1 / Stambpl1,STAMBPL1,Stambpl1,MHb,down_in_suicide,MHb,0.13314058935558232,9.041806958473861,0.7071067811865475
PPP1R11 / Ppp1r11,PPP1R11,Ppp1r11,MHb,down_in_suicide,LHb,0.13290294250741738,6.397936149629137,-0.7071067811865479
PPP1R11 / Ppp1r11,PPP1R11,Ppp1r11,MHb,down_in_suicide,MHb,0.20478318536098072,11.679292929293416,0.7071067811865474
CDR1 / Cdr1,CDR1,Cdr1,MHb,up_in_suicide,LHb,0.021249885967671953,1.0512737826507559,-0.7071067811865476
CDR1 / Cdr1,CDR1,Cdr1,MHb,up_in_suicide,MHb,0.04098410467039687,2.7146464646464548,0.7071067811865476
KCNG4 / Kcng4,KCNG4,Kcng4,MHb,up_in_suicide,LHb,0.059599086517231226,2.5604643663334348,-0.7071067811865476
KCNG4 / Kcng4,KCNG4,Kcng4,MHb,up_in_suicide,MHb,0.1380043618662923,7.533670033670129,0.7071067811865476
SIK1 / Sik1,SIK1,Sik1,MHb,up_in_suicide,LHb,0.06296191702208231,3.2763624637213726,-0.707106781186547
SIK1 / Sik1,SIK1,Sik1,MHb,up_in_suicide,MHb,0.0901196182939314,6.186868686868661,0.7071067811865478
