probe_set_id,human_gene,gene_accession,control_mean,suicide_mean,ratio_s_to_c,p_value,log2_ratio_s_to_c,direction,human_gene_original,human_gene_upper,mouse_gene,mouse_gene_upper,kim_region_enrichment_category,enriched_region,avg_expr_LHb,avg_expr_MHb,pct_expr_LHb,pct_expr_MHb,logFC_vs_other_region,region_marker_fdr,pct_nz_group,pct_nz_reference
16747112,KCNA6,NM_002235 ,393.260821118018,305.64690185227704,0.7772116759135588,0.018293430610259627,-0.36362052044884446,down_in_suicide,KCNA6,KCNA6,Kcna6,KCNA6,LHb-enriched,LHb,0.10139281286165702,0.03303748564259339,0.04830699774266354,0.015923120089786708,1.6676399,7.116854936651178e-06,0.04830699774266366,0.015923120089786757
16756510,WSCD2,ENST00000332082 ,75.57727312941049,91.64571535910916,1.2126094467867978,0.027040839011679956,0.27811496685490406,up_in_suicide,WSCD2,WSCD2,Wscd2,WSCD2,LHb-enriched,LHb,0.06481492332527052,0.007410018747892614,0.03269912931312472,0.003998316498316503,3.170435,8.411459372150202e-05,0.0326991293131248,0.003998316498316498
16787650,CHGA,ENST00000216492 ,183.2763747453841,236.5755695205556,1.2908132313792064,0.029271711809708716,0.3682802712450001,up_in_suicide,CHGA,CHGA,Chga,CHGA,LHb-enriched,LHb,0.23310180234540007,0.12456204503929079,0.10003224766204426,0.07673961840628615,0.98472273,0.0002984585739686801,0.10003224766204451,0.07673961840628507
16854425,CHST9,NM_031422 ,139.98416922144844,103.51779579778469,0.7394964471591379,0.04018399185044979,-0.4353848788384835,down_in_suicide,CHST9,CHST9,Chst9,CHST9,LHb-enriched,LHb,0.08387591406121038,0.004649163434005596,0.036375362786197914,0.00224466891133558,4.230785,1.9697454620069303e-06,0.036375362786198004,0.002244668911335578
16869653,DNAJB1,NM_006145 ,495.9658441700166,377.6852432270453,0.7615146237723077,0.002399159153222782,-0.3930563530648651,down_in_suicide,DNAJB1,DNAJB1,Dnajb1,DNAJB1,MHb-enriched,MHb,0.101013099343747,0.1561353847478638,0.04875846501128656,0.089085297418633,0.66886926,2.777403356520068e-08,0.08908529741863075,0.04875846501128668
17006863,HSPA1A,NM_005345 ,2369.4863137252464,1633.8938779922933,0.6895561576059609,0.003549288400227775,-0.5362600449603412,down_in_suicide,HSPA1A,HSPA1A,Hspa1a,HSPA1A,MHb-enriched,MHb,0.13462318829255765,0.23174540539226787,0.06030312802321817,0.11539001122334928,0.85581034,1.0773077508016875e-14,0.11539001122334455,0.060303128023218314
17028007,HSPA1B,NM_005346 ,2661.596446014619,1875.8700604162864,0.7047913154622476,0.003880681045172633,-0.50473194761079,down_in_suicide,HSPA1B,HSPA1B,Hspa1b,HSPA1B,MHb-enriched,MHb,0.12415409288742514,0.2177480155619376,0.055852950661076935,0.11047979797980224,0.87996405,1.7181320633951312e-14,0.11047979797979798,0.05585295066107707
17098491,RPL12,AK057602 ,29.865288430174463,37.82338682480954,1.2664664837656343,0.004532661918188522,0.34080889754395666,up_in_suicide,RPL12,RPL12,Rpl12,RPL12,MHb-enriched,MHb,0.5163046272376176,0.6149765641033664,0.2148339245404703,0.2734287317620646,0.33015996,9.192923396293282e-13,0.2734287317620651,0.21483392454047082
16745693,ESAM,NM_138961 ,222.5011476474158,294.0748683329751,1.3216779843265252,0.007155358918898768,0.402370719201926,up_in_suicide,ESAM,ESAM,Esam,ESAM,MHb-enriched,MHb,0.017811397322300977,0.05467642998964041,0.008126410835214433,0.034652076318742855,1.6448715,0.0003389153661580877,0.03465207631874299,0.008126410835214447
16692805,GOLPH3L,NM_018178 ,240.95635141151973,186.8410327294937,0.7754144335062384,0.009309714038301694,-0.3669605053308052,down_in_suicide,GOLPH3L,GOLPH3L,Golph3l,GOLPH3L,MHb-enriched,MHb,0.038435189561914405,0.05394387967623003,0.02102547565301511,0.04138608305274956,0.50030476,0.008928128300095076,0.04138608305274972,0.021025475653015158
16880924,PNO1,NM_020143 ,89.61443480970722,74.5116722324157,0.8314695326778366,0.009680571430033997,-0.26626469470602815,down_in_suicide,PNO1,PNO1,Pno1,PNO1,MHb-enriched,MHb,0.027635630251910598,0.05046603776407292,0.014640438568203774,0.04110549943883261,0.8853591,0.0003768345197229821,0.04110549943883277,0.014640438568203806
16698766,YOD1,NM_018566 ,86.27968653571178,70.93053714408096,0.82210007931267,0.01082593880889366,-0.2826140621247411,down_in_suicide,YOD1,YOD1,Yod1,YOD1,MHb-enriched,MHb,0.04275597812631288,0.05407619617066765,0.021283456949371123,0.03970258136924788,0.3470992,0.020939130150773977,0.039702581369248036,0.02128345694937117
16736847,LIN7C,NM_018362 ,937.1063275439288,745.2736455836205,0.7952925123629411,0.018599528254435557,-0.3304425067948136,down_in_suicide,LIN7C,LIN7C,Lin7c,LIN7C,MHb-enriched,MHb,0.0819508483159689,0.1032267172698157,0.04089003547242815,0.06741021324354678,0.34856972,0.0005202421652522315,0.06741021324354658,0.04089003547242825
16755103,NUDT4,ENST00000337179 ,34.07979005835567,27.818481876370623,0.8162750365755289,0.020329536150393575,-0.29287275758276016,down_in_suicide,NUDT4,NUDT4,Nudt4,NUDT4,MHb-enriched,MHb,0.18972734628606205,0.23949136158348333,0.08494034182521747,0.13194444444444936,0.3732261,4.3372893232915e-10,0.13194444444444445,0.08494034182521767
16675323,RGS2,NM_002923 ,310.3730043240024,248.2981819873367,0.7999992864332202,0.022161831622050317,-0.3219293817120045,down_in_suicide,RGS2,RGS2,Rgs2,RGS2,MHb-enriched,MHb,0.04977397439569416,0.08990291855305466,0.024701709126088302,0.06376262626262612,0.88226014,6.61276166988212e-08,0.06376262626262626,0.024701709126088357
16928716,KREMEN1,NM_032045 ,203.8835450314902,167.80482897235373,0.8230425311980716,0.02416339479110616,-0.2809611102148009,down_in_suicide,KREMEN1,KREMEN1,Kremen1,KREMEN1,MHb-enriched,MHb,0.033588527259645284,0.0697583353011568,0.016510802966784872,0.043841189674522836,1.0807128,0.00022509631236674224,0.04384118967452301,0.016510802966784907
16927040,MRPL40,ENST00000333130 ,141.35855812275935,115.7152440166712,0.8185938336763534,0.02613560076081836,-0.28878029563391383,down_in_suicide,MRPL40,MRPL40,Mrpl40,MRPL40,MHb-enriched,MHb,0.046861754319527625,0.0757214162052331,0.025540148339245346,0.058852413019079446,0.7133209,5.446354195162655e-06,0.05885241301907969,0.025540148339245405
17100695,UIMC1,AF284753 ,276.2674344439456,421.075525524985,1.5241591046461929,0.027010668489343866,0.6080135114289971,up_in_suicide,UIMC1,UIMC1,Uimc1,UIMC1,MHb-enriched,MHb,0.12166205572809748,0.15846684229201785,0.06114156723637521,0.0981341189674554,0.4084703,7.90503288815485e-07,0.0981341189674523,0.061141567236375365
17099248,MED27,NM_001253882 ,22.06354094523855,29.69917961029613,1.346074942549301,0.03222886187841409,0.428758734045117,up_in_suicide,MED27,MED27,Med27,MED27,MHb-enriched,MHb,0.12032198040333666,0.15638612205829394,0.062173492421799266,0.1008698092031459,0.40482673,2.3648325380539207e-07,0.10086980920314254,0.06217349242179942
16967031,PAICS,NM_001079525 ,462.27764242569503,382.7335181687852,0.8279299776655422,0.03411871679942906,-0.27241933820923897,down_in_suicide,PAICS,PAICS,Paics,PAICS,MHb-enriched,MHb,0.08316522907454754,0.11369503485415279,0.04217994195420822,0.07533670033670128,0.4735007,8.273137894300174e-06,0.07533670033670034,0.04217994195420832
16688339,WLS,NM_024911 ,679.8988889236055,516.8073807507988,0.7601238789623439,0.03536081865872131,-0.39569353817231806,down_in_suicide,WLS,WLS,Wls,WLS,MHb-enriched,MHb,0.2969510115129734,0.5546737416144566,0.13150596581747792,0.2711840628507284,1.1004725,2.5671264841652277e-86,0.2711840628507295,0.13150596581747823
16685580,POU3F1,NM_002699 ,109.94826640177192,148.2049409398615,1.34795159387318,0.036687507786313814,0.4307686890026944,up_in_suicide,POU3F1,POU3F1,Pou3f1,POU3F1,MHb-enriched,MHb,0.04459115179112644,0.1394747296239933,0.02044501773621408,0.08508698092031612,1.714668,2.4432520850797725e-20,0.08508698092031425,0.020445017736214124
17115077,CETN2,ENST00000370277 ,595.3950131216075,456.62861188668865,0.7669338872904261,0.0391114997370247,-0.3828258777709001,down_in_suicide,CETN2,CETN2,Cetn2,CETN2,MHb-enriched,MHb,0.10735168694232411,0.1982804770252237,0.05120928732666869,0.1131453423120135,0.95245886,2.8448523184036883e-18,0.11314534231200898,0.051209287326668816
16772172,UBC,ENST00000536769 ,876.1465100193251,492.9694072212511,0.5626563612179175,0.04256839117850542,-0.8296740204129524,down_in_suicide,UBC,UBC,Ubc,UBC,MHb-enriched,MHb,0.395473440870785,0.4758814152059168,0.16884875846501088,0.2227132435465724,0.32922173,8.885194573693e-12,0.22271324354657687,0.1688487584650113
16707120,STAMBPL1,NM_020799 ,267.9471578062368,222.93059885824692,0.831994639105136,0.04265576810771863,-0.26535386238800457,down_in_suicide,STAMBPL1,STAMBPL1,Stambpl1,STAMBPL1,MHb-enriched,MHb,0.09091175051430432,0.13314058935558232,0.04701709126088347,0.09041806958473862,0.58144206,2.868866670279808e-09,0.09041806958473625,0.04701709126088358
17037702,PPP1R11,ENST00000400654 ,43.32872172104265,34.719174235764555,0.8012969886185944,0.04430703204734447,-0.3195910400241875,down_in_suicide,PPP1R11,PPP1R11,Ppp1r11,PPP1R11,MHb-enriched,MHb,0.13290294250741738,0.20478318536098072,0.06397936149629137,0.11679292929293415,0.67703325,3.6930465988973834e-13,0.1167929292929293,0.06397936149629152
17114701,CDR1,NM_004065 ,322.03026638867976,439.9391734033058,1.3661423143137543,0.04432879221080776,0.4501077804509844,up_in_suicide,CDR1,CDR1,Cdr1,CDR1,MHb-enriched,MHb,0.021249885967671953,0.04098410467039687,0.010512737826507558,0.027146464646464547,0.9619184,0.038054786075329444,0.027146464646464648,0.010512737826507579
16828802,KCNG4,NM_172347 ,68.35539811848977,88.70754917681202,1.2977402168449532,0.04727451239404578,0.37600161185806324,up_in_suicide,KCNG4,KCNG4,Kcng4,KCNG4,MHb-enriched,MHb,0.059599086517231226,0.1380043618662923,0.02560464366333435,0.07533670033670128,1.2688403,2.450151501096645e-12,0.07533670033670034,0.025604643663334408
16926200,SIK1,NM_173354 ,104.73789761929626,127.9516375723718,1.2216364895680203,0.04920035854258049,0.28881506034875004,up_in_suicide,SIK1,SIK1,Sik1,SIK1,MHb-enriched,MHb,0.06296191702208231,0.0901196182939314,0.032763624637213724,0.061868686868686615,0.53720176,9.769422214746759e-05,0.06186868686868687,0.0327636246372138
17000928,ARAP3,NM_022481 ,67.929140385149,85.51870181949167,1.2589398501822966,4.914287507169378e-07,0.3322093554026638,up_in_suicide,ARAP3,ARAP3,Arap3,ARAP3,not_region_enriched,,0.002615931764002124,0.0036235513999657693,0.0014833924540470823,0.0017536475869809214,,,,
16943819,PHLDB2,NM_001134437 ,63.55739597302577,78.25713338627122,1.2312828772828284,5.1721950389943e-06,0.300162247419478,up_in_suicide,PHLDB2,PHLDB2,Phldb2,PHLDB2,not_region_enriched,,0.03971730604801528,0.02482594863370702,0.01876813930989999,0.013187429854096483,,,,
16802497,PAQR5,NM_017705 ,84.67737718193972,117.68308238040598,1.3897818555190893,0.00010314265175399872,0.47485845082006845,up_in_suicide,PAQR5,PAQR5,Paqr5,PAQR5,not_region_enriched,,0.008481339249984048,0.010125856995802618,0.003934214769429212,0.005471380471380469,,,,
16699975,LEFTY1,NM_020997 ,70.28040611816917,89.07468979171817,1.2674185411215235,0.00038870708749775054,0.3418930260479164,up_in_suicide,LEFTY1,LEFTY1,Lefty1,LEFTY1,not_region_enriched,,0.0020687079368175735,0.0013801312943354251,0.0009029345372460499,0.0007014590347923682,,,,
16926595,SLC19A1,ENST00000461785 ,49.28168117256094,59.39801494851516,1.2052757441559605,0.00041805407745408335,0.26936324539023093,up_in_suicide,SLC19A1,SLC19A1,Slc19a1,SLC19A1,not_region_enriched,,0.017854737028858515,0.02599397207565833,0.009093840696549484,0.017957351290684567,,,,
17042936,NUDT1,NM_198948 ,58.81388188125097,71.10184983147272,1.2089297213034151,0.0006944837708912095,0.2737303788516693,up_in_suicide,NUDT1,NUDT1,Nudt1,NUDT1,not_region_enriched,,0.014265820773757576,0.026392157726382186,0.007997420187036426,0.0216750841750841,,,,
16852683,PMAIP1,ENST00000316660 ,50.07589689126273,71.03522616697471,1.4185512507389353,0.0007231432735744429,0.5044182745821104,up_in_suicide,PMAIP1,PMAIP1,Pmaip1,PMAIP1,not_region_enriched,,0.0019459778192598394,0.0035347020335230045,0.0010964205095130607,0.0016133557800224476,,,,
16745002,MPZL2,NM_005797 ,20.17322972326013,28.38425481951669,1.407025806422513,0.0007706246078649708,0.4926487894531616,up_in_suicide,MPZL2,MPZL2,Mpzl2,MPZL2,not_region_enriched,,0.0004127002392164162,0.0003345056601707524,0.00019348597226701063,0.00014029180695847364,,,,
16969495,NPNT,NM_001184690 ,97.9459061707604,67.1817403897534,0.6859065683932488,0.0008175270639690624,-0.5439160235852282,down_in_suicide,NPNT,NPNT,Npnt,NPNT,not_region_enriched,,0.021328673131421165,0.004592538860971636,0.00980328926152852,0.002314814814814817,,,,
16949792,FAM43A,NM_153690 ,142.17798504504825,191.85494961040223,1.3493998353515433,0.0011608652554081103,0.43231789091756384,up_in_suicide,FAM43A,FAM43A,Fam43a,FAM43A,not_region_enriched,,0.0073125085386248016,0.005582216555089477,0.004192196065785226,0.0037177328843995554,,,,
16807511,PPP1R14D,NM_017726 ,35.15257097553355,43.074636955847566,1.2253623493379142,0.001432643894216822,0.2932084286508544,up_in_suicide,PPP1R14D,PPP1R14D,Ppp1r14d,PPP1R14D,not_region_enriched,,0.0004279439462917026,8.540173695750119e-05,0.0002579812963560142,7.014590347923682e-05,,,,
16847760,ICAM2,NM_001099786 ,199.20627837917377,274.44771028625587,1.3777061271325288,0.0018114971319641176,0.4622681854711752,up_in_suicide,ICAM2,ICAM2,Icam2,ICAM2,not_region_enriched,,0.0017268471407014124,0.003555176175112567,0.0008384392131570463,0.0015432098765432107,,,,
16954401,HYAL1,NR_047690 ,54.94423741050347,68.21725081132912,1.2415724382824591,0.0023760103615561115,0.31216843654669624,up_in_suicide,HYAL1,HYAL1,Hyal1,HYAL1,not_region_enriched,,0.004295286256059338,0.009567195018978505,0.0024508223153821345,0.00785634118967451,,,,
16818305,ITGAD,NM_005353 ,57.26989865103214,71.80087768441152,1.253728038212924,0.0027353724389020885,0.32622442910161487,up_in_suicide,ITGAD,ITGAD,Itgad,ITGAD,not_region_enriched,,0.002012017437881803,0.0014681300129345935,0.0010319251854240571,0.0007014590347923682,,,,
16674269,TEX35,ENST00000419909 ,88.56013006839166,106.61175000139544,1.2038346140533354,0.0032606925041099265,0.2676372044944728,up_in_suicide,TEX35,TEX35,Tex35,TEX35,not_region_enriched,,0.0015403537056843956,0.0007510627467031577,0.0008384392131570463,0.0004910213243546577,,,,
16877762,CENPO,ENST00000380834 ,137.24185652891114,112.4455637640644,0.8193241231794092,0.003357585212642589,-0.28749380248585626,down_in_suicide,CENPO,CENPO,Cenpo,CENPO,not_region_enriched,,0.00997087437448762,0.015928321538898484,0.005869074492099314,0.011223344556677861,,,,
16819794,CDH5,NM_001795 ,124.84792403802275,186.44394153962597,1.4933683757756675,0.0034554338687655486,0.5785700853326735,up_in_suicide,CDH5,CDH5,Cdh5,CDH5,not_region_enriched,,0.006486442817830845,0.008414565684592572,0.0026443082876491447,0.0037878787878787923,,,,
16777715,FLT1,NM_002019 ,165.33592734024396,259.1987206029165,1.5677096005244693,0.0036218010973978346,0.6486583421799702,up_in_suicide,FLT1,FLT1,Flt1,FLT1,not_region_enriched,,0.041071453859817114,0.05945537011174622,0.01722025153176391,0.025603254769921344,,,,
17008397,TSPO2,NM_001010873 ,51.58725381396497,68.86559126266215,1.334934236100388,0.003692273694225365,0.41676867105979015,up_in_suicide,TSPO2,TSPO2,Tspo2,TSPO2,not_region_enriched,,0.0001819265753527624,0.0002882337289319449,0.0001289906481780071,0.00014029180695847364,,,,
16830778,TMEM88,NM_203411 ,161.39422235563833,211.5750741810954,1.3109209926665262,0.003881350623342296,0.3905807390128037,up_in_suicide,TMEM88,TMEM88,Tmem88,TMEM88,not_region_enriched,,0.0025908788288888196,0.002731572716634554,0.0014188971299580787,0.0016835016835016845,,,,
16930262,TAB1,NM_153497 ,138.34146276807252,166.01133557990886,1.2000114228821224,0.004094816478755797,0.26304813888125655,up_in_suicide,TAB1,TAB1,Tab1,TAB1,not_region_enriched,,0.0483590558561482,0.0533599434593093,0.024701709126088302,0.03591470258136911,,,,
16954796,SEMA3G,NM_020163 ,107.81350342165796,136.35018002682233,1.2646855514337343,0.004476660430359108,0.338778721061743,up_in_suicide,SEMA3G,SEMA3G,Sema3g,SEMA3G,not_region_enriched,,0.0031771441122115896,0.0012603402574284416,0.0013544018058690751,0.000771604938271605,,,,
16748835,PIK3C2G,NM_004570 ,25.42618156759529,19.77546944665841,0.7777600971693484,0.004685739390399737,-0.3626028754053169,down_in_suicide,PIK3C2G,PIK3C2G,Pik3c2g,PIK3C2G,not_region_enriched,,0.0045199553500024,0.0014193060254133018,0.002515317639471138,0.0007014590347923682,,,,
16976029,KDR,NM_002253 ,152.71338022708173,198.94595467329455,1.3027408232171007,0.005205812499121254,0.3815500921551382,up_in_suicide,KDR,KDR,Kdr,KDR,not_region_enriched,,0.00557064513593908,0.008386655494892401,0.002386326991293131,0.0038580246913580292,,,,
16887194,NOSTRIN,NM_001171631 ,56.54535365081724,78.46175100970855,1.3875897123967238,0.005526113075112828,0.4725810496218796,up_in_suicide,NOSTRIN,NOSTRIN,Nostrin,NOSTRIN,not_region_enriched,,0.006413559711592873,0.008565154014200342,0.002837794259916155,0.003998316498316503,,,,
16908037,FN1,ENST00000354785 ,408.3702069456388,576.8172073485854,1.4124860176819165,0.006846267413925142,0.49823658623876194,up_in_suicide,FN1,FN1,Fn1,FN1,not_region_enriched,,0.008327488373963222,0.007471304055102602,0.0038052241212512055,0.003226711560044897,,,,
16830284,BCL6B,ENST00000293805 ,73.89725606505124,95.67607733860861,1.2947175907909978,0.007488306414469006,0.37263744555869793,up_in_suicide,BCL6B,BCL6B,Bcl6b,BCL6B,not_region_enriched,,0.002456931884646598,0.002715130217238226,0.0010964205095130607,0.0013327721661054999,,,,
16859795,GDF15,NM_004864 ,82.95048243696012,101.4030255713116,1.2224525113325877,0.008433015747461374,0.28977842182724745,up_in_suicide,GDF15,GDF15,Gdf15,GDF15,not_region_enriched,,0.0008492214260099645,0.001650930203933552,0.00038697194453402126,0.0010521885521885522,,,,
16814738,TMEM204,NM_024600 ,160.22662302227826,217.17668153919848,1.3554344305752593,0.008672058650534234,0.438755324188581,up_in_suicide,TMEM204,TMEM204,Tmem204,TMEM204,not_region_enriched,,0.004780499002567578,0.006903450408744856,0.0024508223153821345,0.004980359147025814,,,,
16767422,PTPRB,NM_001109754 ,135.37330261594585,188.47982039275877,1.3922968321713785,0.008836268268948507,0.4774668208482968,up_in_suicide,PTPRB,PTPRB,Ptprb,PTPRB,not_region_enriched,,0.02365409640370171,0.035939746445834655,0.011544663011931612,0.020131874298540898,,,,
16733421,TMEM45B,NM_138788 ,66.95957086460442,86.61821194866909,1.2935897113769654,0.00901312837717999,0.37138010943097016,up_in_suicide,TMEM45B,TMEM45B,Tmem45b,TMEM45B,not_region_enriched,,0.0012797406875578014,0.0007081715884559195,0.0008384392131570463,0.0004910213243546577,,,,
16989001,SLC22A4,NM_003059 ,150.18774963123178,98.57230765280153,0.6563272163997007,0.009076019353998797,-0.6075128352576277,down_in_suicide,SLC22A4,SLC22A4,Slc22a4,SLC22A4,not_region_enriched,,0.04054446691573602,0.013188426559874965,0.020574008384392085,0.006593714927048253,,,,
16985704,OCLN,NM_002538 ,67.61826434088094,86.87495572281911,1.2847853545139856,0.009181106115754704,0.3615273525363035,up_in_suicide,OCLN,OCLN,Ocln,OCLN,not_region_enriched,,0.016186621202363097,0.013394940883393987,0.007545952918413402,0.006734006734006726,,,,
16877493,KCNS3,NM_002252 ,47.95508836137898,62.35681318893412,1.3003169281855331,0.009362056514278957,0.37886329632780363,up_in_suicide,KCNS3,KCNS3,Kcns3,KCNS3,not_region_enriched,,0.007695923640214078,0.002218892325163734,0.003934214769429212,0.001192480359147026,,,,
16854466,DSC3,NM_001941 ,24.126269769729515,29.06270922643938,1.204608482945153,0.009664452541736136,0.2685643236382361,up_in_suicide,DSC3,DSC3,Dsc3,DSC3,not_region_enriched,,0.0004834544871277446,0.0002592001102296251,0.00019348597226701063,0.00014029180695847364,,,,
16973061,KLKB1,ENST00000264690 ,134.4449814267621,95.16814282564141,0.7078593921148594,0.009736672294559276,-0.498465280404754,down_in_suicide,KLKB1,KLKB1,Klkb1,KLKB1,not_region_enriched,,0.0014482196404213342,0.002960887955786605,0.0005804579168010319,0.0019640852974186322,,,,
16849286,ST6GALNAC1,NM_018414 ,63.327447654711094,79.07846443864825,1.2487233793128467,0.009871542374380746,0.3204539225080168,up_in_suicide,ST6GALNAC1,ST6GALNAC1,St6galnac1,ST6GALNAC1,not_region_enriched,,0.002444566532440206,0.008931536119255765,0.001225411157691068,0.0076459034792368,,,,
16808209,STRC,ENST00000450892 ,57.95124280575154,74.89513886274365,1.2923819272312562,0.01036161079268599,0.37003248109803455,up_in_suicide,STRC,STRC,Strc,STRC,not_region_enriched,,0.0003157101715622078,0.0008785819124967444,0.0002579812963560142,0.0005611672278338945,,,,
16960560,P2RY14,NM_001081455 ,110.53365639921432,159.94935715344724,1.4470647435723856,0.010500322442586068,0.533129471379826,up_in_suicide,P2RY14,P2RY14,P2ry14,P2RY14,not_region_enriched,,0.10725459513518872,0.10906353095853923,0.05462753950338587,0.07189955106621836,,,,
16908928,PAX3,ENST00000350526 ,119.43988059391232,81.00804788101604,0.6782328270775658,0.011072096524641403,-0.5601474810992583,down_in_suicide,PAX3,PAX3,Pax3,PAX3,not_region_enriched,,0.0007348452222074382,0.0005523315480849715,0.0003224766204450177,0.00021043771043771046,,,,
17098594,ENG,NM_001114753 ,171.00398690724862,229.28579322225792,1.3408213303624374,0.011233067696755188,0.42311700534570384,up_in_suicide,ENG,ENG,Eng,ENG,not_region_enriched,,0.010939905570618327,0.00931574116844429,0.00503063527894227,0.0061026936026935975,,,,
16911026,HSPA12B,NM_052970 ,92.98293570471623,113.28254289577032,1.218315404188991,0.01154674769287962,0.2848876744212971,up_in_suicide,HSPA12B,HSPA12B,Hspa12b,HSPA12B,not_region_enriched,,0.010788202268827606,0.010294310737439064,0.005740083843921307,0.006944444444444435,,,,
16745718,ROBO4,ENST00000306534 ,91.43746758609325,112.14039229712652,1.2264162083397636,0.01192738738772118,0.2944486689202199,up_in_suicide,ROBO4,ROBO4,Robo4,ROBO4,not_region_enriched,,0.0018954252379701803,0.0041569317885301995,0.0009029345372460499,0.0023849607182940538,,,,
16860946,LSR,NM_205834 ,125.42841284389976,155.46800158195992,1.239495884998924,0.01224866782613272,0.3097534818308471,up_in_suicide,LSR,LSR,Lsr,LSR,not_region_enriched,,0.0043728690254094885,0.005483158711292468,0.0021283456949371176,0.0025953984287317646,,,,
16925602,ERG,NM_001243428 ,84.72222964394798,101.90810936426628,1.2028497100766036,0.012583598542221406,0.2664563964025607,up_in_suicide,ERG,ERG,Erg,ERG,not_region_enriched,,0.0027475541541957782,0.0038269272039932758,0.0012899064817800715,0.0018237934904601584,,,,
17021323,TBX18,ENST00000369663 ,67.57013760237261,90.23096574705316,1.335367500330277,0.013376970919938317,0.4172368340039345,up_in_suicide,TBX18,TBX18,Tbx18,TBX18,not_region_enriched,,0.0020162635247854355,0.0021551707524844767,0.0008384392131570463,0.0010521885521885522,,,,
16921428,SOX18,NM_018419 ,83.12294568819009,112.49479529704908,1.353354291834632,0.013655387281330674,0.43653956892458506,up_in_suicide,SOX18,SOX18,Sox18,SOX18,not_region_enriched,,0.0017898362690427544,0.0016449274479386675,0.0007739438890680427,0.0009118967452300786,,,,
16994779,CDH10,NM_006727 ,344.35458526947997,286.56912444868874,0.8321919809037235,0.013723194039821352,-0.26501170841068783,down_in_suicide,CDH10,CDH10,Cdh10,CDH10,not_region_enriched,,0.602236669260085,0.5750812182384077,0.24095453079651666,0.2669051627384937,,,,
16952782,TMEM158,NM_015444 ,294.5877436872143,206.7996814913992,0.7019968954002844,0.014807654798411124,-0.5104634447001443,down_in_suicide,TMEM158,TMEM158,Tmem158,TMEM158,not_region_enriched,,0.0858242507619809,0.09613429169694303,0.04056755885198313,0.05773007856341166,,,,
16791319,ADCY4,NM_001198568 ,81.55226713461332,99.43870174689167,1.219324799183747,0.015707874884787004,0.2860824768654405,up_in_suicide,ADCY4,ADCY4,Adcy4,ADCY4,not_region_enriched,,0.0009080817812954319,0.0020928251880186527,0.00038697194453402126,0.0009118967452300786,,,,
16802232,SMAD6,NR_027654 ,79.87647121204142,106.31187043861551,1.3309535189204622,0.01641024628060103,0.4124601886849143,up_in_suicide,SMAD6,SMAD6,Smad6,SMAD6,not_region_enriched,,0.0023909309293113296,0.0022691299950980156,0.0011609158336020643,0.001122334455667789,,,,
16862001,PLEKHG2,NM_022835 ,80.42357730657939,98.92686609456456,1.2300729389026002,0.016531111142603472,0.2987438647296931,up_in_suicide,PLEKHG2,PLEKHG2,Plekhg2,PLEKHG2,not_region_enriched,,0.0040133809722714235,0.0037159792636423106,0.0019348597226701075,0.002034231200897869,,,,
16812215,ADAMTS7,NM_014272 ,64.62276624857326,79.94229253936244,1.237060825156605,0.01658524322229029,0.30691643806239366,up_in_suicide,ADAMTS7,ADAMTS7,Adamts7,ADAMTS7,not_region_enriched,,0.000724253543043355,0.002112437014440989,0.00038697194453402126,0.0014730639730639737,,,,
16855510,ATP8B1,NM_005603 ,76.58870281708418,94.71018646600164,1.2366077891695957,0.016911211787105133,0.3063879980156348,up_in_suicide,ATP8B1,ATP8B1,Atp8b1,ATP8B1,not_region_enriched,,0.015358171912473217,0.006113722717604845,0.007158980973879381,0.0028759820426487123,,,,
16978354,EMCN,NM_016242 ,55.743594716325795,74.28614290650061,1.332639979257459,0.017240460423769546,0.41428708028201966,up_in_suicide,EMCN,EMCN,Emcn,EMCN,not_region_enriched,,0.008247374964939448,0.009614189942166724,0.003547242824895192,0.004489337822671158,,,,
16902279,TFCP2L1,NM_014553 ,74.74153734966522,96.59234551288095,1.2923516017738648,0.019389553730581616,0.36999862817934687,up_in_suicide,TFCP2L1,TFCP2L1,Tfcp2l1,TFCP2L1,not_region_enriched,,0.001604135482408769,0.0004315424713416323,0.0007739438890680427,0.0002805836139169473,,,,
17047504,HSPB1,NM_001540 ,2675.493665175493,2087.7743807792954,0.7803323954580743,0.02107989912320684,-0.35783930023380833,down_in_suicide,HSPB1,HSPB1,Hspb1,HSPB1,not_region_enriched,,0.050269531853015706,0.07923528106601477,0.022315382134795177,0.03794893378226697,,,,
16716371,CH25H,NM_003956 ,127.60346366921632,83.34796936154763,0.6531795216594491,0.02150703734461231,-0.6144485343360123,down_in_suicide,CH25H,CH25H,Ch25h,CH25H,not_region_enriched,,0.0008065338321963779,0.00030394316783762204,0.00038697194453402126,0.00021043771043771046,,,,
17076726,PLAT,NM_000930 ,277.6260171379629,333.77512702002167,1.2022472910172397,0.02161414921899728,0.2657336754418166,up_in_suicide,PLAT,PLAT,Plat,PLAT,not_region_enriched,,0.03541213181909846,0.029364235566618747,0.01683327958722989,0.015993265993265945,,,,
16968213,ANXA3,NM_005139 ,105.54641006664664,151.75572170347928,1.437810358567895,0.0229937638159186,0.5238734026229143,up_in_suicide,ANXA3,ANXA3,Anxa3,ANXA3,not_region_enriched,,0.016556116990207863,0.017849121107026314,0.007481457594324398,0.008768237934904584,,,,
16915412,EDN3,NM_207032 ,103.7167765835162,125.8702947184964,1.2135962846583594,0.02336112150915963,0.2792885739926032,up_in_suicide,EDN3,EDN3,Edn3,EDN3,not_region_enriched,,0.0016670534583500308,0.0015764011339272246,0.0007094485649790391,0.0008417508417508418,,,,
16844828,KRT17,NM_000422 ,73.91978835647157,93.07832375654488,1.259180062958013,0.02345226647977046,0.33248460343952413,up_in_suicide,KRT17,KRT17,Krt17,KRT17,not_region_enriched,,0.0007563776776317564,0.0012473415569604481,0.0005804579168010319,0.000771604938271605,,,,
16830202,XAF1,NM_017523 ,259.16653664388684,315.7229162534046,1.2182240822519084,0.02396344414714212,0.2847795294833239,up_in_suicide,XAF1,XAF1,Xaf1,XAF1,not_region_enriched,,0.017459372856252257,0.01317088250710043,0.007739438890680412,0.006734006734006726,,,,
16686060,SLC2A1,NM_006516 ,780.7228920114057,1009.8169222516028,1.2934383410354136,0.024003228631733296,0.37121128154281474,up_in_suicide,SLC2A1,SLC2A1,Slc2a1,SLC2A1,not_region_enriched,,0.049775456863345675,0.06004320152454524,0.022702354079329197,0.031635802469135686,,,,
16806145,ATP10A,ENST00000356865 ,174.07062778621977,226.855120209077,1.3032360662689348,0.02429278356335857,0.3820984352401439,up_in_suicide,ATP10A,ATP10A,Atp10a,ATP10A,not_region_enriched,,0.07292743261566531,0.0769511505482373,0.03456949371170582,0.048049943883277026,,,,
16977868,ABCG2,NM_004827 ,262.4444722198306,392.6701358611816,1.4962027301998977,0.024425198234788534,0.5813056685666435,up_in_suicide,ABCG2,ABCG2,Abcg2,ABCG2,not_region_enriched,,0.03287538769506413,0.019591698301391874,0.015607868429538825,0.009539842873176186,,,,
17013851,MYCT1,NM_025107 ,76.98519907458487,103.38738140757614,1.3429514068985169,0.024470441747334096,0.4254071035033677,up_in_suicide,MYCT1,MYCT1,Myct1,MYCT1,not_region_enriched,,0.0009808671217929246,0.0007450915333445283,0.0004514672686230248,0.0004910213243546577,,,,
16786933,SAMD15,ENST00000216471 ,76.59239019304891,62.85809070828693,0.8206832369358747,0.024864586465243334,-0.28510260940584714,down_in_suicide,SAMD15,SAMD15,Samd15,SAMD15,not_region_enriched,,0.01172412647926551,0.017215186678676775,0.007029990325701375,0.016133557800224418,,,,
16965268,CD38,NM_001775 ,321.4430979583692,211.32758067062855,0.6574338724734355,0.026331114202692643,-0.6050823056572426,down_in_suicide,CD38,CD38,Cd38,CD38,not_region_enriched,,0.003996986092494252,0.0025720617596520306,0.0018058690744921003,0.0010521885521885522,,,,
16676633,DYRK3,NM_001004023 ,66.25583111340913,53.492338577323366,0.8073604644059376,0.02758464134332452,-0.3087151536002874,down_in_suicide,DYRK3,DYRK3,Dyrk3,DYRK3,not_region_enriched,,0.010180124631752989,0.022883418886929248,0.005933569816188317,0.018588664421997695,,,,
17004198,FOXF2,NM_001452 ,122.11686758856216,158.1635357651189,1.2951817295052608,0.02822818193246147,0.3731545395038353,up_in_suicide,FOXF2,FOXF2,Foxf2,FOXF2,not_region_enriched,,0.0018715757620651244,0.001989508618445928,0.0008384392131570463,0.0009820426487093155,,,,
17083433,IL33,NM_033439 ,149.04732263358414,103.4623020939844,0.6941574009238306,0.02831561190569513,-0.5266652623650842,down_in_suicide,IL33,IL33,Il33,IL33,not_region_enriched,,0.06663994740283577,0.07013539588393632,0.028635923895517508,0.031285072951739504,,,,
16801302,PRTG,AY630258 ,25.951078977603252,21.494859303716385,0.8282838383046518,0.02833142174983492,-0.27180285621632877,down_in_suicide,PRTG,PRTG,Prtg,PRTG,not_region_enriched,,0.0333096443200043,0.01223028190637961,0.016510802966784872,0.007014590347923672,,,,
16904447,COBLL1,NM_014900 ,105.76835945472368,136.2181332475914,1.2878911420187278,0.02844059008236017,0.3650106559472726,up_in_suicide,COBLL1,COBLL1,Cobll1,COBLL1,not_region_enriched,,0.05451250845071959,0.046574520630652885,0.02541115769106734,0.023989898989898905,,,,
16693219,LINGO4,NM_001004432 ,48.409569274744335,62.23035625137838,1.2854970036646136,0.02903088076410127,0.3623262474308138,up_in_suicide,LINGO4,LINGO4,Lingo4,LINGO4,not_region_enriched,,0.0014826660739491024,0.002295051883520044,0.0007739438890680427,0.0017536475869809214,,,,
16728261,CCND1,ENST00000227507 ,297.172338913571,357.31364935060503,1.2023785613994356,0.029419284256384928,0.26589119111470794,up_in_suicide,CCND1,CCND1,Ccnd1,CCND1,not_region_enriched,,0.027298431213618128,0.028443048934469892,0.01302805546597869,0.013608305274971902,,,,
17056072,SKAP2,NM_003930 ,87.31717695154668,71.88058133803543,0.8232123832624914,0.029457024273597063,-0.28066341059399463,down_in_suicide,SKAP2,SKAP2,Skap2,SKAP2,not_region_enriched,,0.033087342434769094,0.022434472159206,0.015414382457271815,0.011994949494949463,,,,
16770685,TBX3,NM_016569 ,95.90008065693752,120.8455317752946,1.2601191880911362,0.029727477380754833,0.33356019716625124,up_in_suicide,TBX3,TBX3,Tbx3,TBX3,not_region_enriched,,0.001207526251508653,0.0028520954086244965,0.0005159625927120283,0.001262626262626263,,,,
17066573,PIWIL2,ENST00000356766 ,52.568203442084794,67.92181725453244,1.2920703544560537,0.030619612849348735,0.3696846282837083,up_in_suicide,PIWIL2,PIWIL2,Piwil2,PIWIL2,not_region_enriched,,0.006982713073775806,0.008071724776764076,0.0034827475008061886,0.005331088664421996,,,,
17004194,FOXQ1,NM_033260 ,92.29869012055447,120.0826121620836,1.3010218455455824,0.03134782215301154,0.3796451866488508,up_in_suicide,FOXQ1,FOXQ1,Foxq1,FOXQ1,not_region_enriched,,0.004097637398882448,0.004574387955763367,0.0019348597226701075,0.0018939393939393953,,,,
16737056,PAX6,NM_001258462 ,102.5252526371406,74.5475158153989,0.7271137002630848,0.031401127877590515,-0.4597471159147048,down_in_suicide,PAX6,PAX6,Pax6,PAX6,not_region_enriched,,0.010167406941742283,0.011630929861385628,0.004772653982586256,0.00645342312008978,,,,
16979985,MGARP,NM_032623 ,118.43951083670048,98.23915007879445,0.82944575999003,0.031514997238568036,-0.26978045288875363,down_in_suicide,MGARP,MGARP,Mgarp,MGARP,not_region_enriched,,0.0005783453865809582,0.0008600197099533076,0.0003224766204450177,0.0005611672278338945,,,,
16817519,NFATC2IP,AK304606 ,40.81656597608451,28.446912681478913,0.6969452721266824,0.03200046877770587,-0.5208827224828488,down_in_suicide,NFATC2IP,NFATC2IP,Nfatc2ip,NFATC2IP,not_region_enriched,,0.007650333711716503,0.012038662807208443,0.0038052241212512055,0.009680134680134659,,,,
16695853,RXRG,NM_006917 ,156.10604431732048,117.98549625055652,0.7558035101493225,0.032615019878851195,-0.40391687602055315,down_in_suicide,RXRG,RXRG,Rxrg,RXRG,not_region_enriched,,0.007283265681983047,0.001681450400748878,0.004256691389874229,0.000771604938271605,,,,
16879721,EPAS1,NM_001430 ,620.8353380651349,853.9933386891528,1.375555298367304,0.03270655672711388,0.4600141382558506,up_in_suicide,EPAS1,EPAS1,Epas1,EPAS1,not_region_enriched,,0.03748935059728507,0.04081810203068023,0.016381812318606866,0.019430415263748533,,,,
17056391,CRHR2,NM_001202481 ,107.91040403854169,140.48068512916282,1.3018270701589465,0.033209566046786376,0.3805378190152959,up_in_suicide,CRHR2,CRHR2,Crhr2,CRHR2,not_region_enriched,,0.010414441074777504,0.0015184125009304612,0.006191551112544331,0.000771604938271605,,,,
17110586,SLC38A5,NM_033518 ,105.9287652181356,142.10064382674005,1.341473617049315,0.03342070317607837,0.4238186811907518,up_in_suicide,SLC38A5,SLC38A5,Slc38a5,SLC38A5,not_region_enriched,,0.005636590050522474,0.001982269382156065,0.002515317639471138,0.0009118967452300786,,,,
17095887,ASPN,NM_017680 ,31.96228329046864,39.63151429041494,1.2399462807537691,0.033501428974304415,0.31027761886301897,up_in_suicide,ASPN,ASPN,Aspn,ASPN,not_region_enriched,,0.003510787105553873,0.00418486312730571,0.0017413737504030967,0.00224466891133558,,,,
16774851,KCNRG,NM_173605 ,69.2134738464553,44.92423467056865,0.649067763456427,0.03387207036863617,-0.6235589896997317,down_in_suicide,KCNRG,KCNRG,Kcnrg,KCNRG,not_region_enriched,,0.005698739400680589,0.004307122438835141,0.0027732989358271514,0.0024551066217732907,,,,
17099573,FAM163B,NM_001080515 ,142.22836014485983,171.32674596731553,1.2045891958032768,0.034326696708668405,0.26854122427683136,up_in_suicide,FAM163B,FAM163B,Fam163b,FAM163B,not_region_enriched,,0.03979369478507108,0.016369790391601653,0.018058690744920954,0.011714365881032517,,,,
16834441,VPS25,NM_032353 ,454.4206831699879,367.24142468835714,0.8081529699011981,0.034496507135312146,-0.3072996979125484,down_in_suicide,VPS25,VPS25,Vps25,VPS25,not_region_enriched,,0.005883541292585415,0.0073753633181821935,0.0031602708803611717,0.007014590347923672,,,,
16808302,PPIP5K1,ENST00000432870 ,401.0598923341428,555.7687764748719,1.385750076479434,0.034562300496080424,0.47066708724711154,up_in_suicide,PPIP5K1,PPIP5K1,Ppip5k1,PPIP5K1,not_region_enriched,,0.24465848916679458,0.17476410559159414,0.11854240567558823,0.10676206509540234,,,,
17106640,ZBTB33,NM_001184742 ,234.87175133832824,187.45725176294903,0.7981260015084592,0.03476588387401285,-0.32531156974106146,down_in_suicide,ZBTB33,ZBTB33,Zbtb33,ZBTB33,not_region_enriched,,0.018281865324121724,0.025667692900718034,0.008771364076104467,0.01886924803591464,,,,
16760257,VWF,NM_000552 ,165.02624101229446,219.0705938962016,1.3274894498741012,0.03558164198559601,0.40870039536103187,up_in_suicide,VWF,VWF,Vwf,VWF,not_region_enriched,,0.004684231084812881,0.0029608296553817063,0.0020638503708481143,0.0013327721661054999,,,,
16904488,SLC38A11,ENST00000409662 ,70.11692045542087,105.50584082348846,1.5047129870823015,0.03599486861649051,0.5894883297749264,up_in_suicide,SLC38A11,SLC38A11,Slc38a11,SLC38A11,not_region_enriched,,0.010169823744716975,0.0022684096350148618,0.004901644630764263,0.0010521885521885522,,,,
16919158,TGM2,ENST00000361475 ,147.85248070078254,194.7722103075107,1.3173415108379702,0.0366081014477194,0.3976294018761073,up_in_suicide,TGM2,TGM2,Tgm2,TGM2,not_region_enriched,,0.004782855731616726,0.005510816693171043,0.0022573363431151244,0.0033670033670033708,,,,
16876822,ID2,ENST00000234091 ,198.6597726538916,158.20855461195782,0.7963794204455846,0.036855409635946974,-0.32847215459829787,down_in_suicide,ID2,ID2,Id2,ID2,not_region_enriched,,0.08489610949928239,0.0655133766666346,0.03760077394388898,0.030653759820426372,,,,
16938647,CMTM8,NM_178868 ,88.8466594493547,107.77837180698494,1.2130829957475429,0.03724254067735586,0.2786782589969617,up_in_suicide,CMTM8,CMTM8,Cmtm8,CMTM8,not_region_enriched,,0.013917127116947661,0.0064807120527253705,0.007223476297968385,0.0036475869809203185,,,,
17111435,WNK3,NM_020922 ,133.18518921938028,110.51543081096445,0.8297876923005709,0.03761800482893572,-0.2691858360733328,down_in_suicide,WNK3,WNK3,Wnk3,WNK3,not_region_enriched,,0.10808699582152571,0.10712710229555887,0.05482102547565288,0.06993546576879954,,,,
16967071,ARL9,NM_206919 ,30.612199644017423,23.233086318045387,0.7589486083397425,0.0378870336659816,-0.39792589699838976,down_in_suicide,ARL9,ARL9,Arl9,ARL9,not_region_enriched,,0.001105435125433303,0.0015265643937837341,0.0006449532408900355,0.0009820426487093155,,,,
16774303,RGCC,NM_014059 ,649.3875905188255,801.3250014810485,1.2339703024519353,0.038072638344016675,0.3033076740490184,up_in_suicide,RGCC,RGCC,Rgcc,RGCC,not_region_enriched,,0.04317851488222299,0.03757527893299992,0.02102547565301511,0.017817059483726094,,,,
16774130,FREM2,NM_207361 ,111.67476517344778,81.1131529167608,0.7263337674431624,0.03984029136679177,-0.46129544200770756,down_in_suicide,FREM2,FREM2,Frem2,FREM2,not_region_enriched,,0.0062932633967733576,0.0030282017182586313,0.0027732989358271514,0.0016133557800224476,,,,
17016503,HIST1H3I,NM_003533 ,145.95035565662428,84.91828809515788,0.5818299497326622,0.04064337163733825,-0.7813305337212418,down_in_suicide,HIST1H3I,HIST1H3I,Hist1h3i,HIST1H3I,not_region_enriched,,0.0007599220016421544,0.00098343279737093,0.0005159625927120283,0.0010521885521885522,,,,
16869769,NOTCH3,NM_000435 ,137.88120751776114,166.21687542414836,1.2055078310997325,0.04111206804460811,0.26964102286250674,up_in_suicide,NOTCH3,NOTCH3,Notch3,NOTCH3,not_region_enriched,,0.023713635657740206,0.015129848508232709,0.011867139632376629,0.010521885521885497,,,,
16663457,TIE1,NM_005424 ,103.51787621842944,127.16963142178076,1.2284799115608265,0.04119930638781004,0.29687426654946303,up_in_suicide,TIE1,TIE1,Tie1,TIE1,not_region_enriched,,0.004122549754413678,0.0035808621180182026,0.001676878426314093,0.0015432098765432107,,,,
16960355,TM4SF1,ENST00000305366 ,79.92491819745679,118.94810167736402,1.48824802527166,0.041245352387580675,0.5736149800823542,up_in_suicide,TM4SF1,TM4SF1,Tm4sf1,TM4SF1,not_region_enriched,,0.03001750746218523,0.04434236601567549,0.01302805546597869,0.020763187429854026,,,,
17054273,PRKAR1B,ENST00000478198 ,119.6017024494101,96.75798267268816,0.8090017172925734,0.043366907284646365,-0.3057853297761764,down_in_suicide,PRKAR1B,PRKAR1B,Prkar1b,PRKAR1B,not_region_enriched,,0.3086099962705613,0.32282867133784815,0.14485649790390162,0.17767957351290703,,,,
17071218,MATN2,NM_002380 ,159.41464036894735,126.36156637400627,0.7926597336452698,0.04369656613915773,-0.3352264041565067,down_in_suicide,MATN2,MATN2,Matn2,MATN2,not_region_enriched,,0.02080400375190251,0.007404804843318425,0.010319251854240548,0.004910213243546577,,,,
16698801,CD34,NM_001773 ,213.7399008255914,294.7183468155332,1.3788644313820424,0.04413582456199587,0.4634806194426577,up_in_suicide,CD34,CD34,Cd34,CD34,not_region_enriched,,0.012281341358961279,0.01065567018170545,0.00541760722347629,0.004910213243546577,,,,
17106822,OCRL,NM_000276 ,597.3688756625545,489.31868950718285,0.8191231740429548,0.04611907351312628,-0.2878476842671974,down_in_suicide,OCRL,OCRL,Ocrl,OCRL,not_region_enriched,,0.21521420983513426,0.1901600772512419,0.10525636891325353,0.11938832772166616,,,,
16676693,PFKFB2,NM_006212 ,455.0753927906173,377.34646861418497,0.8291955016513147,0.0461313413303138,-0.27021580497518144,down_in_suicide,PFKFB2,PFKFB2,Pfkfb2,PFKFB2,not_region_enriched,,0.04337380977322578,0.04342155289510839,0.020896485004837102,0.02546296296296287,,,,
16914972,DOK5,NM_018431 ,255.6555861446695,200.57770311450128,0.7845621765565453,0.046393083435186375,-0.35004030957383775,down_in_suicide,DOK5,DOK5,Dok5,DOK5,not_region_enriched,,0.06415168203141908,0.06028273606340591,0.03366655917445977,0.03893097643097628,,,,
17056310,FKBP14,NR_046478 ,152.36758934596008,126.78370742715038,0.8320910501463673,0.04654815154030962,-0.2651866934349569,down_in_suicide,FKBP14,FKBP14,Fkbp14,FKBP14,not_region_enriched,,0.032149916081056606,0.03915236676550807,0.016575298290873876,0.029250841750841642,,,,
17112235,ZDHHC15,NM_144969 ,190.4249780872954,149.39576830485163,0.7845387186357716,0.046861094501490425,-0.350083445902516,down_in_suicide,ZDHHC15,ZDHHC15,Zdhhc15,ZDHHC15,not_region_enriched,,0.028300300948119358,0.022820736021369487,0.01418897129958075,0.015081369248035869,,,,
16845929,ARHGAP27,ENST00000528273 ,129.62681988271865,156.76338818030885,1.2093437787191132,0.04813069754457007,0.2742244160944401,up_in_suicide,ARHGAP27,ARHGAP27,Arhgap27,ARHGAP27,not_region_enriched,,0.01794825824520601,0.007298771977077377,0.00960980328926151,0.0059624017957351245,,,,
16675398,CFH,NM_000186 ,73.5653832576348,91.41611714695925,1.2426512729065655,0.048182142756527976,0.31342148751225296,up_in_suicide,CFH,CFH,Cfh,CFH,not_region_enriched,,0.019345767627611508,0.022993329267647262,0.008706868752015463,0.010171156004489314,,,,
16720085,IFITM1,ENST00000408968 ,307.5155848770946,394.7841823142364,1.2837859338804587,0.04825682223171281,0.36040465894315327,up_in_suicide,IFITM1,IFITM1,Ifitm1,IFITM1,not_region_enriched,,0.006254962742890656,0.007471101675440496,0.002837794259916155,0.0034371492704826077,,,,
16709268,ACSL5,NM_016234 ,92.81783790101304,126.383774038343,1.361632385502524,0.04962647451929085,0.4453372560673692,up_in_suicide,ACSL5,ACSL5,Acsl5,ACSL5,not_region_enriched,,0.03266694420879385,0.027877350882859794,0.01605933569816185,0.01929012345679006,,,,
16730429,ARHGAP42,NM_152432 ,242.1422748412811,189.03831483108837,0.7806910831865222,0.049714305065616554,-0.35717630313831805,down_in_suicide,ARHGAP42,ARHGAP42,Arhgap42,ARHGAP42,not_region_enriched,,0.05423987630786276,0.027650725484517448,0.02676555949693641,0.015502244668911288,,,,
