compartment,mouse_region,human_cluster,module_marker_depth,n_marker_genes_mapped,mean_module_score
LHb,Hbx,LHb.1,10,10,0.1816612035036087
LHb,Lateral,LHb.1,10,10,-0.03817420080304146
LHb,Marginal,LHb.1,10,10,-0.04279029741883278
LHb,Oval/Medial,LHb.1,10,10,-0.007803889457136393
LHb,Hbx,LHb.2,10,10,0.041224319487810135
LHb,Lateral,LHb.2,10,10,0.11653640121221542
LHb,Marginal,LHb.2,10,10,-0.0766100361943245
LHb,Oval/Medial,LHb.2,10,10,-0.001980229513719678
LHb,Hbx,LHb.3,10,10,0.07828803360462189
LHb,Lateral,LHb.3,10,10,0.08481711894273758
LHb,Marginal,LHb.3,10,10,-0.1717945635318756
LHb,Oval/Medial,LHb.3,10,10,0.012682336382567883
LHb,Hbx,LHb.4,10,10,-0.27085715532302856
LHb,Lateral,LHb.4,10,10,-0.09248524904251099
LHb,Marginal,LHb.4,10,10,-0.17900341749191284
LHb,Oval/Medial,LHb.4,10,10,0.0645979791879654
LHb,Hbx,LHb.5,10,10,0.1226208508014679
LHb,Lateral,LHb.5,10,10,0.05663041025400162
LHb,Marginal,LHb.5,10,10,-0.09509080648422241
LHb,Oval/Medial,LHb.5,10,10,-0.0017818509368225932
LHb,Hbx,LHb.6,10,10,0.1497507244348526
LHb,Lateral,LHb.6,10,10,0.04368799924850464
LHb,Marginal,LHb.6,10,10,0.0076378947123885155
LHb,Oval/Medial,LHb.6,10,10,-0.020130952820181847
LHb,Hbx,LHb.7,10,10,0.06293018907308578
LHb,Lateral,LHb.7,10,10,0.4431767463684082
LHb,Marginal,LHb.7,10,10,-0.18727944791316986
LHb,Oval/Medial,LHb.7,10,10,-0.015134829096496105
LHb,Hbx,MHb.1,10,10,-0.007970547303557396
LHb,Lateral,MHb.1,10,10,0.036134008318185806
LHb,Marginal,MHb.1,10,10,0.07125303149223328
LHb,Oval/Medial,MHb.1,10,10,-0.014058180153369904
LHb,Hbx,MHb.2,10,10,0.15484674274921417
LHb,Lateral,MHb.2,10,10,0.09274674952030182
LHb,Marginal,MHb.2,10,10,-0.21804693341255188
LHb,Oval/Medial,MHb.2,10,10,0.011866404674947262
LHb,Hbx,MHb.3,10,10,0.024838188663125038
LHb,Lateral,MHb.3,10,10,-0.029256252571940422
LHb,Marginal,MHb.3,10,10,-0.026439722627401352
LHb,Oval/Medial,MHb.3,10,10,0.00443549919873476
LHb,Hbx,LHb.1,15,15,0.09954965859651566
LHb,Lateral,LHb.1,15,15,-0.01088821329176426
LHb,Marginal,LHb.1,15,15,-0.06739965826272964
LHb,Oval/Medial,LHb.1,15,15,0.002011674689128995
LHb,Hbx,LHb.2,15,15,0.058372098952531815
LHb,Lateral,LHb.2,15,15,0.1162729486823082
LHb,Marginal,LHb.2,15,15,-0.06714973598718643
LHb,Oval/Medial,LHb.2,15,15,-0.005219225771725178
LHb,Hbx,LHb.3,15,15,0.022060032933950424
LHb,Lateral,LHb.3,15,15,0.04635832458734512
LHb,Marginal,LHb.3,15,15,-0.1080627590417862
LHb,Oval/Medial,LHb.3,15,15,0.011322090402245522
LHb,Hbx,LHb.4,15,15,-0.24152445793151855
LHb,Lateral,LHb.4,15,15,-0.10358967632055283
LHb,Marginal,LHb.4,15,15,-0.17947423458099365
LHb,Oval/Medial,LHb.4,15,15,0.06272553652524948
LHb,Hbx,LHb.5,15,15,0.0030049276538193226
LHb,Lateral,LHb.5,15,15,0.01719132624566555
LHb,Marginal,LHb.5,15,15,-0.0940072238445282
LHb,Oval/Medial,LHb.5,15,15,0.01352846808731556
LHb,Hbx,LHb.6,15,15,0.11381947994232178
LHb,Lateral,LHb.6,15,15,0.01184292696416378
LHb,Marginal,LHb.6,15,15,0.02898436039686203
LHb,Oval/Medial,LHb.6,15,15,-0.01718706078827381
LHb,Hbx,LHb.7,15,15,0.07206366211175919
LHb,Lateral,LHb.7,15,15,0.37242719531059265
LHb,Marginal,LHb.7,15,15,-0.1519692838191986
LHb,Oval/Medial,LHb.7,15,15,-0.015523613430559635
LHb,Hbx,MHb.1,15,15,-0.0014777083415538073
LHb,Lateral,MHb.1,15,15,0.056838758289813995
LHb,Marginal,MHb.1,15,15,-0.004301055800169706
LHb,Oval/Medial,MHb.1,15,15,-0.004206367302685976
LHb,Hbx,MHb.2,15,15,0.1369401216506958
LHb,Lateral,MHb.2,15,15,0.043630681931972504
LHb,Marginal,MHb.2,15,15,-0.1731335073709488
LHb,Oval/Medial,MHb.2,15,15,0.010691570118069649
LHb,Hbx,MHb.3,15,15,0.020856080576777458
LHb,Lateral,MHb.3,15,15,-0.03235388919711113
LHb,Marginal,MHb.3,15,15,-0.03990600258111954
LHb,Oval/Medial,MHb.3,15,15,0.007310011424124241
LHb,Hbx,LHb.1,25,25,0.05902618542313576
LHb,Lateral,LHb.1,25,25,-0.009965717792510986
LHb,Marginal,LHb.1,25,25,-0.083746537566185
LHb,Oval/Medial,LHb.1,25,25,0.008658326230943203
LHb,Hbx,LHb.2,25,25,0.20805734395980835
LHb,Lateral,LHb.2,25,25,0.14300382137298584
LHb,Marginal,LHb.2,25,25,-0.10329268127679825
LHb,Oval/Medial,LHb.2,25,25,-0.016682036221027374
LHb,Hbx,LHb.3,25,25,-0.04326214641332626
LHb,Lateral,LHb.3,25,25,0.04903123155236244
LHb,Marginal,LHb.3,25,25,-0.09756852686405182
LHb,Oval/Medial,LHb.3,25,25,0.015910863876342773
LHb,Hbx,LHb.4,25,25,-0.0841783657670021
LHb,Lateral,LHb.4,25,25,-0.049884945154190063
LHb,Marginal,LHb.4,25,25,-0.15913026034832
LHb,Oval/Medial,LHb.4,25,25,0.03886688873171806
LHb,Hbx,LHb.5,25,25,-0.01631586253643036
LHb,Lateral,LHb.5,25,25,-0.007379550952464342
LHb,Marginal,LHb.5,25,25,-0.12163597345352173
LHb,Oval/Medial,LHb.5,25,25,0.02216341160237789
LHb,Hbx,LHb.6,25,25,0.20362359285354614
LHb,Lateral,LHb.6,25,25,0.03492983803153038
LHb,Marginal,LHb.6,25,25,-0.017238173633813858
LHb,Oval/Medial,LHb.6,25,25,-0.02068229578435421
LHb,Hbx,LHb.7,25,25,0.09502198547124863
LHb,Lateral,LHb.7,25,25,0.27154937386512756
LHb,Marginal,LHb.7,25,25,-0.20912818610668182
LHb,Oval/Medial,LHb.7,25,25,0.0004915312747471035
LHb,Hbx,MHb.1,25,25,0.035530682653188705
LHb,Lateral,MHb.1,25,25,0.015358091332018375
LHb,Marginal,MHb.1,25,25,0.02254047617316246
LHb,Oval/Medial,MHb.1,25,25,-0.008607113733887672
LHb,Hbx,MHb.2,25,25,0.12071967124938965
LHb,Lateral,MHb.2,25,25,0.05458584800362587
LHb,Marginal,MHb.2,25,25,-0.12087728828191757
LHb,Oval/Medial,MHb.2,25,25,0.0028035149443894625
LHb,Hbx,MHb.3,25,25,0.014628804288804531
LHb,Lateral,MHb.3,25,25,-0.06002989038825035
LHb,Marginal,MHb.3,25,25,-0.0632486641407013
LHb,Oval/Medial,MHb.3,25,25,0.014209821820259094
LHb,Hbx,LHb.1,50,50,-0.01576598547399044
LHb,Lateral,LHb.1,50,50,0.01111918780952692
LHb,Marginal,LHb.1,50,50,-0.09140484780073166
LHb,Oval/Medial,LHb.1,50,50,0.015523262321949005
LHb,Hbx,LHb.2,50,50,0.11166761815547943
LHb,Lateral,LHb.2,50,50,0.12417437881231308
LHb,Marginal,LHb.2,50,50,-0.11712909489870071
LHb,Oval/Medial,LHb.2,50,50,-0.003093770705163479
LHb,Hbx,LHb.3,50,50,-0.06692039966583252
LHb,Lateral,LHb.3,50,50,0.043334633111953735
LHb,Marginal,LHb.3,50,50,-0.09028749912977219
LHb,Oval/Medial,LHb.3,50,50,0.01759706437587738
LHb,Hbx,LHb.4,50,50,-0.11554048210382462
LHb,Lateral,LHb.4,50,50,-0.061418745666742325
LHb,Marginal,LHb.4,50,50,-0.15969575941562653
LHb,Oval/Medial,LHb.4,50,50,0.0431261770427227
LHb,Hbx,LHb.5,50,50,-0.03540810942649841
LHb,Lateral,LHb.5,50,50,0.0022728671319782734
LHb,Marginal,LHb.5,50,50,-0.14893686771392822
LHb,Oval/Medial,LHb.5,50,50,0.027677062898874283
LHb,Hbx,LHb.6,50,50,0.21617180109024048
LHb,Lateral,LHb.6,50,50,0.05665215104818344
LHb,Marginal,LHb.6,50,50,-0.02826303243637085
LHb,Oval/Medial,LHb.6,50,50,-0.022070201113820076
LHb,Hbx,LHb.7,50,50,0.052937306463718414
LHb,Lateral,LHb.7,50,50,0.261481910943985
LHb,Marginal,LHb.7,50,50,-0.12959174811840057
LHb,Oval/Medial,LHb.7,50,50,-0.007393239997327328
LHb,Hbx,MHb.1,50,50,0.03483787178993225
LHb,Lateral,MHb.1,50,50,0.010005053132772446
LHb,Marginal,MHb.1,50,50,-0.0060137733817100525
LHb,Oval/Medial,MHb.1,50,50,-0.0033962770830839872
LHb,Hbx,MHb.2,50,50,0.09561524540185928
LHb,Lateral,MHb.2,50,50,0.027239641174674034
LHb,Marginal,MHb.2,50,50,-0.07332207262516022
LHb,Oval/Medial,MHb.2,50,50,-1.8879158233175986e-05
LHb,Hbx,MHb.3,50,50,-0.002330306451767683
LHb,Lateral,MHb.3,50,50,-0.05599399283528328
LHb,Marginal,MHb.3,50,50,-0.05864521116018295
LHb,Oval/Medial,MHb.3,50,50,0.014796851202845573
LHb,Hbx,LHb.1,100,100,-0.020286737009882927
LHb,Lateral,LHb.1,100,100,0.03758615255355835
LHb,Marginal,LHb.1,100,100,-0.13265569508075714
LHb,Oval/Medial,LHb.1,100,100,0.020360754802823067
LHb,Hbx,LHb.2,100,100,0.11061868071556091
LHb,Lateral,LHb.2,100,100,0.12468362599611282
LHb,Marginal,LHb.2,100,100,-0.12584088742733002
LHb,Oval/Medial,LHb.2,100,100,-0.001610744628123939
LHb,Hbx,LHb.3,100,100,-0.06579490751028061
LHb,Lateral,LHb.3,100,100,0.036407921463251114
LHb,Marginal,LHb.3,100,100,-0.11021437495946884
LHb,Oval/Medial,LHb.3,100,100,0.02135625295341015
LHb,Hbx,LHb.4,100,100,-0.10953423380851746
LHb,Lateral,LHb.4,100,100,-0.04421326890587807
LHb,Marginal,LHb.4,100,100,-0.16476617753505707
LHb,Oval/Medial,LHb.4,100,100,0.04182221740484238
LHb,Hbx,LHb.5,100,100,-0.07415049523115158
LHb,Lateral,LHb.5,100,100,0.003797347890213132
LHb,Marginal,LHb.5,100,100,-0.16476468741893768
LHb,Oval/Medial,LHb.5,100,100,0.03400701656937599
LHb,Hbx,LHb.6,100,100,0.1989554762840271
LHb,Lateral,LHb.6,100,100,0.05884730815887451
LHb,Marginal,LHb.6,100,100,-0.06889896094799042
LHb,Oval/Medial,LHb.6,100,100,-0.01390233263373375
LHb,Hbx,LHb.7,100,100,0.056171171367168427
LHb,Lateral,LHb.7,100,100,0.23390230536460876
LHb,Marginal,LHb.7,100,100,-0.12982073426246643
LHb,Oval/Medial,LHb.7,100,100,-0.005225699860602617
LHb,Hbx,MHb.1,100,100,0.06255626678466797
LHb,Lateral,MHb.1,100,100,0.009113532491028309
LHb,Marginal,MHb.1,100,100,-0.0017333358991891146
LHb,Oval/Medial,MHb.1,100,100,-0.006791901309043169
LHb,Hbx,MHb.2,100,100,0.0743977352976799
LHb,Lateral,MHb.2,100,100,0.04624290391802788
LHb,Marginal,MHb.2,100,100,-0.0784190446138382
LHb,Oval/Medial,MHb.2,100,100,0.0012477267300710082
LHb,Hbx,MHb.3,100,100,-0.0040285950526595116
LHb,Lateral,MHb.3,100,100,-0.04845118150115013
LHb,Marginal,MHb.3,100,100,-0.06668214499950409
LHb,Oval/Medial,MHb.3,100,100,0.015608938410878181
