group,gene,mean_expr,pct_expr,mean_expr_scaled
LHb,Snap25,1.1997797,48.20183,0.94444215
LHb,Celf4,1.0193646,40.075813,0.9999987
LHb,Slc17a6,0.58226687,24.597677,0.9999978
LHb,Tac2,0.4848759,19.59308,0.18151787
LHb,Gap43,0.45275465,20.218655,0.8879634
LHb,Mog,0.08249764,3.7471964,0.0046045245
LHb,Olig1,0.10052226,4.3857064,0.0
LHb,Gpr17,0.009379938,0.42566907,0.013179828
LHb,Pdgfra,0.020847581,0.96098036,0.0027374597
LHb,Col3a1,0.0010482002,0.045146722,0.0011101337
LHb,Slc6a11,0.13173623,5.8497643,0.015784435
LHb,Slc6a1,0.13504893,6.101299,0.08751027
LHb,Slc4a4,0.40131187,17.090782,0.08372157
LHb,Cldn5,0.030982997,1.405996,0.0020605554
LHb,Abcc9,0.005266591,0.24508224,0.002710411
LHb,Pdgfrb,0.007408031,0.32892606,0.0
LHb,Cx3cr1,0.035471153,1.7220238,0.007566863
LHb,C1qa,0.15863903,6.752679,0.008760231
LHb,C1qb,0.17547692,7.4685426,0.010742255
LHb,C1qc,0.10233978,4.4631014,0.004472013
LHb,Mrc1,0.0031841798,0.1354402,0.0007738184
LHb,Apoe,1.1272093,43.33912,0.0
MHb,Snap25,1.2502174,50.25555,0.99999887
MHb,Celf4,0.99724233,41.550606,0.97177136
MHb,Slc17a6,0.42303866,20.896694,0.6543088
MHb,Tac2,1.2246337,44.369446,0.99999887
MHb,Gap43,0.15794706,7.269785,0.18069367
MHb,Mog,0.15053785,6.7195835,0.04062313
MHb,Olig1,0.15258898,6.6693363,0.023685567
MHb,Gpr17,0.010451413,0.49235103,0.015384265
MHb,Pdgfra,0.028047789,1.2358975,0.01202864
MHb,Col3a1,0.0013099513,0.06531186,0.0017777861
MHb,Slc6a11,0.14481772,6.3980045,0.025043258
MHb,Slc6a1,0.09675351,4.3532443,0.040205177
MHb,Slc4a4,0.28914773,12.832096,0.03630231
MHb,Cldn5,0.059747476,2.5923579,0.015508472
MHb,Abcc9,0.006434625,0.29390314,0.0041614403
MHb,Pdgfrb,0.011985829,0.54761523,0.003691956
MHb,Cx3cr1,0.03757129,2.115085,0.009510742
MHb,C1qa,0.14268532,6.6693363,0.0036834378
MHb,C1qb,0.15397923,6.9004717,0.0041617975
MHb,C1qc,0.09006878,4.092,0.0
MHb,Mrc1,0.0025211188,0.13313574,0.000289376
MHb,Apoe,1.2534461,47.37169,0.044131152
Oligodendrocytes,Snap25,0.34235954,18.200886,0.0
Oligodendrocytes,Celf4,0.23564878,12.349344,0.0
Oligodendrocytes,Slc17a6,0.12165677,6.561025,0.0
Oligodendrocytes,Tac2,0.32081679,17.108517,0.0
Oligodendrocytes,Gap43,0.08262945,4.555018,0.0
Oligodendrocytes,Mog,1.9628283,74.90716,0.9999995
Oligodendrocytes,Olig1,1.1933211,56.939552,0.4971229
Oligodendrocytes,Gpr17,0.013077419,0.8369002,0.020786975
Oligodendrocytes,Pdgfra,0.018726185,0.9902264,0.0
Oligodendrocytes,Col3a1,0.0009782057,0.051108416,0.0009315978
Oligodendrocytes,Slc6a11,0.11062854,6.3310256,0.00084482104
Oligodendrocytes,Slc6a1,0.26004723,20.423954,0.24191664
Oligodendrocytes,Slc4a4,0.2032793,10.835181,0.0
Oligodendrocytes,Cldn5,0.044956032,2.2551577,0.008593203
Oligodendrocytes,Abcc9,0.0059546963,0.3002618,0.003565233
Oligodendrocytes,Pdgfrb,0.008483831,0.4471984,0.0008676237
Oligodendrocytes,Cx3cr1,0.041638773,2.6065252,0.013275589
Oligodendrocytes,C1qa,0.1311102,6.4524145,0.0
Oligodendrocytes,C1qb,0.14038305,6.982691,0.0
Oligodendrocytes,C1qc,0.09296209,4.7913923,0.001054432
Oligodendrocytes,Mrc1,0.003892506,0.19165649,0.0012913323
Oligodendrocytes,Apoe,1.6184732,68.23001,0.17174105
Diff. Oligodendrocytes,Snap25,0.44902885,17.013876,0.11749547
Diff. Oligodendrocytes,Celf4,0.29869056,11.38891,0.08043948
Diff. Oligodendrocytes,Slc17a6,0.17690633,6.8055654,0.1199484
Diff. Oligodendrocytes,Tac2,0.4665893,17.569427,0.16128527
Diff. Oligodendrocytes,Gap43,0.10384837,4.02778,0.050906077
Diff. Oligodendrocytes,Mog,1.4520442,50.347485,0.72960454
Diff. Oligodendrocytes,Olig1,0.93612534,33.75004,0.3801225
Diff. Oligodendrocytes,Gpr17,0.013439413,0.5555556,0.021531735
Diff. Oligodendrocytes,Pdgfra,0.018767377,0.6944445,5.3154858e-05
Diff. Oligodendrocytes,Col3a1,0.0033998885,0.1388889,0.007108619
Diff. Oligodendrocytes,Slc6a11,0.1620409,6.250008,0.037233487
Diff. Oligodendrocytes,Slc6a1,0.12423904,4.791671,0.07415717
Diff. Oligodendrocytes,Slc4a4,0.28894225,11.180576,0.03621544
Diff. Oligodendrocytes,Cldn5,0.05943483,2.3611112,0.015362303
Diff. Oligodendrocytes,Abcc9,0.011212724,0.4166667,0.0100971935
Diff. Oligodendrocytes,Pdgfrb,0.0074359323,0.2777778,2.250232e-05
Diff. Oligodendrocytes,Cx3cr1,0.041760348,1.6666667,0.013388119
Diff. Oligodendrocytes,C1qa,0.23263918,8.611126,0.032308582
Diff. Oligodendrocytes,C1qb,0.25979078,9.513906,0.03655077
Diff. Oligodendrocytes,C1qc,0.14244051,5.4166727,0.019086223
Diff. Oligodendrocytes,Mrc1,0.0032807179,0.1388889,0.0008443506
Diff. Oligodendrocytes,Apoe,1.790415,59.444828,0.23185025
Polydendrocytes,Snap25,0.43141073,16.225552,0.09808923
Polydendrocytes,Celf4,0.25137112,9.378587,0.020061243
Polydendrocytes,Slc17a6,0.14774898,5.696208,0.05664694
Polydendrocytes,Tac2,0.39575332,14.614491,0.0829111
Polydendrocytes,Gap43,0.49945328,18.642141,0.99999756
Polydendrocytes,Mog,0.17159718,6.4441943,0.051771358
Polydendrocytes,Olig1,2.298768,70.48257,0.9999996
Polydendrocytes,Gpr17,0.4890265,18.469528,0.9999979
Polydendrocytes,Pdgfra,0.7936759,28.53856,0.9999987
Polydendrocytes,Col3a1,0.0027123075,0.1150748,0.0053547965
Polydendrocytes,Slc6a11,0.11248166,4.4303837,0.0021564255
Polydendrocytes,Slc6a1,0.17246568,6.7318797,0.13372998
Polydendrocytes,Slc4a4,0.23672675,9.033364,0.014140464
Polydendrocytes,Cldn5,0.05651022,2.1288843,0.0139949955
Polydendrocytes,Abcc9,0.0048940205,0.1726122,0.002247573
Polydendrocytes,Pdgfrb,0.009894687,0.40276176,0.0020054672
Polydendrocytes,Cx3cr1,0.027296029,1.035673,0.0
Polydendrocytes,C1qa,0.20938416,7.364788,0.024908362
Polydendrocytes,C1qb,0.24109696,8.457993,0.030828584
Polydendrocytes,C1qc,0.1565122,5.811283,0.024214473
Polydendrocytes,Mrc1,0.0063196425,0.2301496,0.0030646352
Polydendrocytes,Apoe,2.5090399,74.164894,0.4830745
Fibroblasts,Snap25,0.4239056,17.758188,0.089822404
Fibroblasts,Celf4,0.31132403,13.602016,0.09655943
Fibroblasts,Slc17a6,0.18059297,7.6826205,0.12795219
Fibroblasts,Tac2,0.4014848,16.624687,0.08925249
Fibroblasts,Gap43,0.09098594,3.778338,0.020047963
Fibroblasts,Mog,0.094458796,3.9042826,0.010936429
Fibroblasts,Olig1,0.14523023,6.4231744,0.020338016
Fibroblasts,Gpr17,0.009038228,0.37783375,0.012476798
Fibroblasts,Pdgfra,0.75156486,32.115875,0.9456584
Fibroblasts,Col3a1,0.39265898,17.128466,0.99999744
Fibroblasts,Slc6a11,0.1438555,5.9193964,0.024362212
Fibroblasts,Slc6a1,0.13214141,5.9193964,0.08391871
Fibroblasts,Slc4a4,0.28506458,13.224183,0.03457609
Fibroblasts,Cldn5,0.05608839,2.770781,0.013797782
Fibroblasts,Abcc9,0.04781489,2.770781,0.05556745
Fibroblasts,Pdgfrb,0.32522264,15.743075,0.2563148
Fibroblasts,Cx3cr1,0.05996277,2.5188918,0.030236213
Fibroblasts,C1qa,0.20452105,8.312344,0.02336082
Fibroblasts,C1qb,0.21579197,8.186399,0.023082713
Fibroblasts,C1qc,0.120670505,4.6599503,0.011152416
Fibroblasts,Mrc1,0.005663547,0.25188917,0.0025852819
Fibroblasts,Apoe,2.824816,80.10077,0.5934667
Astrocytes,Snap25,0.3910569,17.84189,0.05363978
Astrocytes,Celf4,0.24519987,11.283515,0.0121869175
Astrocytes,Slc17a6,0.13588034,6.4174986,0.030879777
Astrocytes,Tac2,0.35787663,16.549028,0.04100366
Astrocytes,Gap43,0.1241291,5.6182494,0.09956137
Astrocytes,Mog,0.07379956,3.4320683,0.0
Astrocytes,Olig1,0.16267487,8.815246,0.028273722
Astrocytes,Gpr17,0.0051411656,0.25858015,0.0044590374
Astrocytes,Pdgfra,0.021301074,0.9402916,0.0033226486
Astrocytes,Col3a1,0.0015993884,0.07052186,0.0025160576
Astrocytes,Slc6a11,1.5223016,57.828667,0.99999934
Astrocytes,Slc6a1,0.87374586,40.03306,0.99999875
Astrocytes,Slc4a4,2.5686493,80.16133,0.9999996
Astrocytes,Cldn5,0.026575563,1.2223794,0.0
Astrocytes,Abcc9,0.004380041,0.18805832,0.0016090648
Astrocytes,Pdgfrb,0.12530492,7.4753284,0.09508286
Astrocytes,Cx3cr1,0.043365583,2.3037167,0.014873918
Astrocytes,C1qa,0.16701996,6.864138,0.011427214
Astrocytes,C1qb,0.18119574,7.4518213,0.012492786
Astrocytes,C1qc,0.102063484,4.3253465,0.00437132
Astrocytes,Mrc1,0.0021250471,0.11753643,0.0
Astrocytes,Apoe,3.1734996,80.513954,0.71536314
Endothelial,Snap25,0.406605,18.459347,0.07076591
Endothelial,Celf4,0.28680378,13.081103,0.0652723
Endothelial,Slc17a6,0.15049565,7.0917645,0.062610045
Endothelial,Tac2,0.37163,17.148308,0.056220643
Endothelial,Gap43,0.09945545,4.633482,0.040367085
Endothelial,Mog,0.15084803,6.570302,0.040787328
Endothelial,Olig1,0.14562424,6.4064136,0.02051725
Endothelial,Gpr17,0.012406923,0.58104897,0.019407505
Endothelial,Pdgfra,0.028162494,1.2961847,0.012176657
Endothelial,Col3a1,0.001761433,0.10429082,0.002929387
Endothelial,Slc6a11,0.11795612,5.303917,0.006031138
Endothelial,Slc6a1,0.0826167,3.7395687,0.022742435
Endothelial,Slc4a4,0.22200719,9.997055,0.007917525
Endothelial,Cldn5,2.165529,70.92003,0.9999996
Endothelial,Abcc9,0.02570243,1.4451711,0.028097512
Endothelial,Pdgfrb,0.045539353,2.324196,0.030752592
Endothelial,Cx3cr1,0.047547303,2.6072721,0.018744502
Endothelial,C1qa,0.19695477,8.477365,0.02095308
Endothelial,C1qb,0.20554568,8.775343,0.019946316
Endothelial,C1qc,0.11354551,4.8867574,0.0085558
Endothelial,Mrc1,0.007984666,0.3426699,0.0042811264
Endothelial,Apoe,1.8389966,69.38521,0.24883391
Pericytes,Snap25,0.45646518,20.000053,0.12568654
Pericytes,Celf4,0.338256,15.228912,0.13092384
Pericytes,Slc17a6,0.14690877,6.6505895,0.054822836
Pericytes,Tac2,0.41575906,17.975933,0.10504579
Pericytes,Gap43,0.095678344,4.096382,0.031305462
Pericytes,Mog,0.17569631,7.084323,0.05394132
Pericytes,Olig1,0.15094647,6.602397,0.022938376
Pericytes,Gpr17,0.011092796,0.48192772,0.016703838
Pericytes,Pdgfra,0.023712354,1.060241,0.006434175
Pericytes,Col3a1,0.057359535,2.8433735,0.14474428
Pericytes,Slc6a11,0.12041331,5.1084266,0.007770292
Pericytes,Slc6a1,0.08492961,3.759034,0.025599493
Pericytes,Slc4a4,0.2350983,10.602382,0.013452013
Pericytes,Cldn5,0.08007393,3.4698784,0.025011456
Pericytes,Abcc9,0.80805314,32.433933,0.99999875
Pericytes,Pdgfrb,1.2473456,49.253407,0.9999992
Pericytes,Cx3cr1,0.041680653,2.0240965,0.013314353
Pericytes,C1qa,0.19079731,8.096367,0.018993651
Pericytes,C1qb,0.20359807,8.433715,0.019350152
Pericytes,C1qc,0.13242118,5.5903525,0.0154348025
Pericytes,Mrc1,0.009972403,0.6746988,0.0057333973
Pericytes,Apoe,1.2918247,50.747353,0.057547934
Macrophages,Snap25,0.4167801,18.663574,0.08197372
Macrophages,Celf4,0.28998932,13.248852,0.06933696
Macrophages,Slc17a6,0.17426693,8.410138,0.11421819
Macrophages,Tac2,0.4291977,18.77878,0.11991454
Macrophages,Gap43,0.10039056,4.608293,0.04261049
Macrophages,Mog,0.16800249,7.3732696,0.049868423
Macrophages,Olig1,0.17469555,7.7188926,0.033742025
Macrophages,Gpr17,0.002973834,0.23041475,0.0
Macrophages,Pdgfra,0.03334158,1.497696,0.018859772
Macrophages,Col3a1,0.003214958,0.115207374,0.006636914
Macrophages,Slc6a11,0.10943492,4.608293,0.0
Macrophages,Slc6a1,0.07283676,3.341014,0.010661584
Macrophages,Slc4a4,0.21629183,9.677422,0.0055012633
Macrophages,Cldn5,0.14517196,5.99078,0.055445965
Macrophages,Abcc9,0.003084793,0.115207374,0.0
Macrophages,Pdgfrb,0.03111972,1.2672813,0.019123279
Macrophages,Cx3cr1,0.27319214,13.133645,0.2276005
Macrophages,C1qa,2.03901,60.829556,0.6071325
Macrophages,C1qb,2.037022,62.096863,0.5805623
Macrophages,C1qc,1.8507288,58.17973,0.64165044
Macrophages,Mrc1,1.3708336,45.967594,0.9999993
Macrophages,Apoe,3.9877,87.558235,0.99999964
Microglia,Snap25,0.3777401,15.526191,0.03897141
Microglia,Celf4,0.25496903,10.65226,0.024652079
Microglia,Slc17a6,0.14126419,5.959217,0.04256827
Microglia,Tac2,0.36739242,15.07397,0.051532097
Microglia,Gap43,0.104763895,4.401569,0.05310251
Microglia,Mog,0.105905965,4.321174,0.016996244
Microglia,Olig1,0.12866159,5.3864045,0.012800806
Microglia,Gpr17,0.008349412,0.3416743,0.011059639
Microglia,Pdgfra,0.023382401,0.9647277,0.006008403
Microglia,Col3a1,0.00061297556,0.030147724,0.0
Microglia,Slc6a11,0.1223601,5.105023,0.0091481935
Microglia,Slc6a1,0.064205766,2.7333848,0.0
Microglia,Slc4a4,0.2153409,8.722786,0.0050992407
Microglia,Cldn5,0.042958613,1.7385182,0.0076593733
Microglia,Abcc9,0.0051035453,0.23113254,0.0025078622
Microglia,Pdgfrb,0.011688885,0.50246227,0.0034524733
Microglia,Cx3cr1,1.1076798,39.745106,0.9999991
Microglia,C1qa,3.273586,84.88676,0.9999997
Microglia,C1qb,3.4072824,85.87159,0.9999997
Microglia,C1qc,2.8340228,79.81184,0.99999964
Microglia,Mrc1,0.013256193,0.65320104,0.008132584
Microglia,Apoe,1.7418797,56.47726,0.21488278
